[Licensing::Module] Trying to connect to existing licensing client channel...
[Licensing::IpcConnector] Successfully connected to: "LicenseClient-admin" at "2026-08-25T14:59:06.4140437Z"
[Licensing::Client] Code 1 while verifying Licensing Client signature (process Id: 26760, path: "C:/Program Files/Unity Hub/UnityLicensingClient_V1/Unity.Licensing.Client.exe")
[Licensing::Module] LicensingClient has failed validation; ignoring
[Licensing::Client] Error: HandshakeResponse reported an error:
	ResponseCode: 505
	ResponseStatus: Unsupported protocol version '1.16.2'.
[Licensing::Module] Error: Failed to handshake to channel: "LicenseClient-admin"
[Licensing::IpcConnector] LicenseClient-admin channel disconnected successfully.
[Licensing::IpcConnector] Channel LicenseClient-admin-2022.3.62 doesn't exist
[Licensing::Module] Successfully launched the LicensingClient (PId: 41492)
[Licensing::IpcConnector] Successfully connected to: "LicenseClient-admin-2022.3.62" at "2026-08-25T14:59:06.9947973Z"
[Licensing::Client] Code 10 while verifying Licensing Client signature (process Id: 41492, path: "E:/workwork/steamgamework/unit/2022.3.62f3c1/Editor/Data/Resources/Licensing/Client/Unity.Licensing.Client.exe")
[Licensing::Module] LicensingClient has failed validation; ignoring
[Licensing::Client] Handshaking with LicensingClient:
  Version:                 1.16.2+bdef8f5
  Session Id:              fb91c71da048466b8e1d2c7b1257fcf0
  Correlation Id:          b14d460d7d301aa4a87307d1f29fa49e
  External correlation Id: 6016746654294989165
  Machine Id:              WDcRLaI4OR0B+iLstjufGiulM9k=
[Licensing::Module] Successfully connected to LicensingClient on channel: "LicenseClient-admin-2022.3.62" (connect: 0.56s, validation: 0.04s, handshake: 0.02s)
[Licensing::IpcConnector] Successfully connected to: "LicenseClient-admin-2022.3.62-notifications" at "2026-08-25T14:59:07.0611659Z"
[Licensing::Module] Connected to LicensingClient (PId: 41492, launch time: 0.00, total connection time: 0.63s)
[Licensing::Module] Error: Access token is unavailable; failed to update
[Licensing::Client] Successfully updated license
Built from '2022.3/china_unity/release' branch; Version is '2022.3.62f3c1 (1623fc0bbb97) revision 1451004'; Using compiler version '192829333'; Build Type 'Release'
OS: 'Windows 11  (10.0.22631) 64bit Professional' Language: 'zh' Physical Memory: 16197 MB
[Licensing::Client] Successfully resolved entitlement details
[Licensing::Module] Serial number assigned to: "F4-ZYBJ-ZJJ4-YPAS-69E8-XXXX"
BatchMode: 1, IsHumanControllingUs: 0, StartBugReporterOnCrash: 0, Is64bit: 1, IsPro: 0
[Licensing::Client] Successfully resolved entitlement details

COMMAND LINE ARGUMENTS:
E:\workwork\steamgamework\unit\2022.3.62f3c1\Editor\Unity.exe
-batchmode
-projectPath
D:\WorkWork\Assist\image_to_smart\.codex_tmp\w24-s0a-full110-20260825-1448\project
-runTests
-testPlatform
PlayMode
-assemblyNames
VFXComposer.Tests.PlayMode.W24S0aFormalRuntime
-testFilter
VFXComposer.Tests.PlayMode.W24S0aFormalRuntime.W24S0aFormalPlayModeProxyTests.Capture_Full110_OperatorOnlyMutants_WhenTheFutureCohortExists
-testResults
D:\WorkWork\Assist\image_to_smart\.codex_tmp\w24-s0a-full110-20260825-1448\test-results\s0a-full110.xml
-logFile
D:\WorkWork\Assist\image_to_smart\.codex_tmp\w24-s0a-full110-20260825-1448\Logs\s0a-full110.log
Successfully changed project path to: D:\WorkWork\Assist\image_to_smart\.codex_tmp\w24-s0a-full110-20260825-1448\project
D:/WorkWork/Assist/image_to_smart/.codex_tmp/w24-s0a-full110-20260825-1448/project
[UnityMemory] Configuration Parameters - Can be set up in boot.config
    "memorysetup-bucket-allocator-granularity=16"
    "memorysetup-bucket-allocator-bucket-count=8"
    "memorysetup-bucket-allocator-block-size=33554432"
    "memorysetup-bucket-allocator-block-count=8"
    "memorysetup-main-allocator-block-size=16777216"
    "memorysetup-thread-allocator-block-size=16777216"
    "memorysetup-gfx-main-allocator-block-size=16777216"
    "memorysetup-gfx-thread-allocator-block-size=16777216"
    "memorysetup-cache-allocator-block-size=4194304"
    "memorysetup-typetree-allocator-block-size=2097152"
    "memorysetup-profiler-bucket-allocator-granularity=16"
    "memorysetup-profiler-bucket-allocator-bucket-count=8"
    "memorysetup-profiler-bucket-allocator-block-size=33554432"
    "memorysetup-profiler-bucket-allocator-block-count=8"
    "memorysetup-profiler-allocator-block-size=16777216"
    "memorysetup-profiler-editor-allocator-block-size=1048576"
    "memorysetup-temp-allocator-size-main=16777216"
    "memorysetup-job-temp-allocator-block-size=2097152"
    "memorysetup-job-temp-allocator-block-size-background=1048576"
    "memorysetup-job-temp-allocator-reduction-small-platforms=262144"
    "memorysetup-allocator-temp-initial-block-size-main=262144"
    "memorysetup-allocator-temp-initial-block-size-worker=262144"
    "memorysetup-temp-allocator-size-background-worker=32768"
    "memorysetup-temp-allocator-size-job-worker=262144"
    "memorysetup-temp-allocator-size-preload-manager=33554432"
    "memorysetup-temp-allocator-size-nav-mesh-worker=65536"
    "memorysetup-temp-allocator-size-audio-worker=65536"
    "memorysetup-temp-allocator-size-cloud-worker=32768"
    "memorysetup-temp-allocator-size-gi-baking-worker=262144"
    "memorysetup-temp-allocator-size-gfx=262144"
Player connection [27852]  Target information:

Player connection [27852]  * "[IP] 192.168.1.2 [Port] 55504 [Flags] 2 [Guid] 2920515946 [EditorId] 2920515946 [Version] 1048832 [Id] WindowsEditor(7,snowpeak) [Debug] 1 [PackageName] WindowsEditor [ProjectName] Editor" 

Player connection [27852]  * "[IP] 172.18.96.1 [Port] 55504 [Flags] 2 [Guid] 2920515946 [EditorId] 2920515946 [Version] 1048832 [Id] WindowsEditor(7,snowpeak) [Debug] 1 [PackageName] WindowsEditor [ProjectName] Editor" 

Player connection [27852]  * "[IP] 198.18.0.1 [Port] 55504 [Flags] 2 [Guid] 2920515946 [EditorId] 2920515946 [Version] 1048832 [Id] WindowsEditor(7,snowpeak) [Debug] 1 [PackageName] WindowsEditor [ProjectName] Editor" 

Unable to join player connection multicast group (err: 10013).
Player connection [27852] Host joined alternative multi-casting on [225.0.0.222:34997]...
Input System module state changed to: Initialized.
[PhysX] Initialized MultithreadedTaskDispatcher with 20 workers.
[Package Manager] UpmClient::Connect -- Connected to IPC stream "Upm-10160" after 0.3 seconds.
[Package Manager] Done resolving packages in 35.34 seconds
[Licensing::Client] Successfully resolved entitlement details
[Package Manager] Registered 23 packages:
  Packages from [https://packages.unity.cn]:
    com.unity.nuget.newtonsoft-json@3.0.2 (location: D:\WorkWork\Assist\image_to_smart\.codex_tmp\w24-s0a-full110-20260825-1448\project\Library\PackageCache\com.unity.nuget.newtonsoft-json@3.0.2)
    com.unity.test-framework@1.1.33 (location: D:\WorkWork\Assist\image_to_smart\.codex_tmp\w24-s0a-full110-20260825-1448\project\Library\PackageCache\com.unity.test-framework@1.1.33)
    com.unity.toolchain.win-x86_64-linux-x86_64@2.0.11 (location: D:\WorkWork\Assist\image_to_smart\.codex_tmp\w24-s0a-full110-20260825-1448\project\Library\PackageCache\com.unity.toolchain.win-x86_64-linux-x86_64@2.0.11)
    com.unity.sysroot@2.0.10 (location: D:\WorkWork\Assist\image_to_smart\.codex_tmp\w24-s0a-full110-20260825-1448\project\Library\PackageCache\com.unity.sysroot@2.0.10)
    com.unity.sysroot.linux-x86_64@2.0.9 (location: D:\WorkWork\Assist\image_to_smart\.codex_tmp\w24-s0a-full110-20260825-1448\project\Library\PackageCache\com.unity.sysroot.linux-x86_64@2.0.9)
    com.unity.ext.nunit@1.0.6 (location: D:\WorkWork\Assist\image_to_smart\.codex_tmp\w24-s0a-full110-20260825-1448\project\Library\PackageCache\com.unity.ext.nunit@1.0.6)
    com.unity.mathematics@1.2.6 (location: D:\WorkWork\Assist\image_to_smart\.codex_tmp\w24-s0a-full110-20260825-1448\project\Library\PackageCache\com.unity.mathematics@1.2.6)
    com.unity.burst@1.8.21 (location: D:\WorkWork\Assist\image_to_smart\.codex_tmp\w24-s0a-full110-20260825-1448\project\Library\PackageCache\com.unity.burst@1.8.21)
    com.unity.searcher@4.9.2 (location: D:\WorkWork\Assist\image_to_smart\.codex_tmp\w24-s0a-full110-20260825-1448\project\Library\PackageCache\com.unity.searcher@4.9.2)
  Built-in packages:
    com.unity.2d.sprite@1.0.0 (location: D:\WorkWork\Assist\image_to_smart\.codex_tmp\w24-s0a-full110-20260825-1448\project\Library\PackageCache\com.unity.2d.sprite@1.0.0)
    com.unity.modules.particlesystem@1.0.0 (location: D:\WorkWork\Assist\image_to_smart\.codex_tmp\w24-s0a-full110-20260825-1448\project\Library\PackageCache\com.unity.modules.particlesystem@1.0.0)
    com.unity.modules.imageconversion@1.0.0 (location: D:\WorkWork\Assist\image_to_smart\.codex_tmp\w24-s0a-full110-20260825-1448\project\Library\PackageCache\com.unity.modules.imageconversion@1.0.0)
    com.unity.render-pipelines.universal@14.0.12 (location: D:\WorkWork\Assist\image_to_smart\.codex_tmp\w24-s0a-full110-20260825-1448\project\Library\PackageCache\com.unity.render-pipelines.universal@14.0.12)
    com.unity.modules.imgui@1.0.0 (location: D:\WorkWork\Assist\image_to_smart\.codex_tmp\w24-s0a-full110-20260825-1448\project\Library\PackageCache\com.unity.modules.imgui@1.0.0)
    com.unity.modules.jsonserialize@1.0.0 (location: D:\WorkWork\Assist\image_to_smart\.codex_tmp\w24-s0a-full110-20260825-1448\project\Library\PackageCache\com.unity.modules.jsonserialize@1.0.0)
    com.unity.render-pipelines.core@14.0.12 (location: D:\WorkWork\Assist\image_to_smart\.codex_tmp\w24-s0a-full110-20260825-1448\project\Library\PackageCache\com.unity.render-pipelines.core@14.0.12)
    com.unity.shadergraph@14.0.12 (location: D:\WorkWork\Assist\image_to_smart\.codex_tmp\w24-s0a-full110-20260825-1448\project\Library\PackageCache\com.unity.shadergraph@14.0.12)
    com.unity.render-pipelines.universal-config@14.0.10 (location: D:\WorkWork\Assist\image_to_smart\.codex_tmp\w24-s0a-full110-20260825-1448\project\Library\PackageCache\com.unity.render-pipelines.universal-config@14.0.10)
    com.unity.ugui@1.0.0 (location: D:\WorkWork\Assist\image_to_smart\.codex_tmp\w24-s0a-full110-20260825-1448\project\Library\PackageCache\com.unity.ugui@1.0.0)
    com.unity.modules.physics@1.0.0 (location: D:\WorkWork\Assist\image_to_smart\.codex_tmp\w24-s0a-full110-20260825-1448\project\Library\PackageCache\com.unity.modules.physics@1.0.0)
    com.unity.modules.terrain@1.0.0 (location: D:\WorkWork\Assist\image_to_smart\.codex_tmp\w24-s0a-full110-20260825-1448\project\Library\PackageCache\com.unity.modules.terrain@1.0.0)
    com.unity.modules.ui@1.0.0 (location: D:\WorkWork\Assist\image_to_smart\.codex_tmp\w24-s0a-full110-20260825-1448\project\Library\PackageCache\com.unity.modules.ui@1.0.0)
  Embedded packages:
    com.vfxcomposer.unity@file:D:\WorkWork\Assist\image_to_smart\.codex_tmp\w24-s0a-full110-20260825-1448\project\Packages\com.vfxcomposer.unity (location: D:\WorkWork\Assist\image_to_smart\.codex_tmp\w24-s0a-full110-20260825-1448\project\Packages\com.vfxcomposer.unity)
[Subsystems] No new subsystems found in resolved package list.
Package Manager log level set to [2]
[Package Manager] Done registering packages in 0.29 seconds
Refreshing native plugins compatible for Editor in 292.18 ms, found 0 plugins.
Preloading 0 native plugins for Editor in 0.00 ms.
Initialize engine version: 2022.3.62f3c1 (1623fc0bbb97)
[Subsystems] Discovering subsystems at path E:/workwork/steamgamework/unit/2022.3.62f3c1/Editor/Data/Resources/UnitySubsystems
[Subsystems] Discovering subsystems at path D:/WorkWork/Assist/image_to_smart/.codex_tmp/w24-s0a-full110-20260825-1448/project/Assets
GfxDevice: creating device client; threaded=0; jobified=0
Direct3D:
    Version:  Direct3D 11.0 [level 11.1]
    Renderer: NVIDIA GeForce RTX 1050 Ti (ID=0x2414)
    Vendor:   NVIDIA
    VRAM:     8024 MB
    Driver:   32.0.15.9579
[Licensing::Client] Successfully resolved entitlement details
Initialize mono
Mono path[0] = 'E:/workwork/steamgamework/unit/2022.3.62f3c1/Editor/Data/Managed'
Mono path[1] = 'E:/workwork/steamgamework/unit/2022.3.62f3c1/Editor/Data/MonoBleedingEdge/lib/mono/unityjit-win32'
Mono config path = 'E:/workwork/steamgamework/unit/2022.3.62f3c1/Editor/Data/MonoBleedingEdge/etc'
Using monoOptions --debugger-agent=transport=dt_socket,embedding=1,server=y,suspend=n,address=127.0.0.1:56160
Using cacheserver namespaces - metadata:defaultmetadata, artifacts:defaultartifacts
Using cacheserver namespaces - metadata:defaultmetadata, artifacts:defaultartifacts
ImportWorker Server TCP listen port: 0
Begin MonoManager ReloadAssembly
Registering precompiled unity dll's ...
Register platform support module: E:/workwork/steamgamework/unit/2022.3.62f3c1/Editor/Data/PlaybackEngines/WindowsStandaloneSupport/UnityEditor.WindowsStandalone.Extensions.dll
Register platform support module: E:/workwork/steamgamework/unit/2022.3.62f3c1/Editor/Data/PlaybackEngines/LinuxStandaloneSupport/UnityEditor.LinuxStandalone.Extensions.dll
Registered in 0.098886 seconds.
- Loaded All Assemblies, in  4.796 seconds
Native extension for LinuxStandalone target not found
Native extension for WindowsStandalone target not found
Mono: successfully reloaded assembly
- Finished resetting the current domain, in  0.202 seconds
Domain Reload Profiling: 4998ms
	BeginReloadAssembly (3880ms)
		ExecutionOrderSort (0ms)
		DisableScriptedObjects (0ms)
		BackupInstance (0ms)
		ReleaseScriptingObjects (0ms)
		CreateAndSetChildDomain (1ms)
	RebuildCommonClasses (184ms)
	RebuildNativeTypeToScriptingClass (7ms)
	initialDomainReloadingComplete (136ms)
	LoadAllAssembliesAndSetupDomain (588ms)
		LoadAssemblies (3890ms)
		RebuildTransferFunctionScriptingTraits (0ms)
		AnalyzeDomain (576ms)
			TypeCache.Refresh (575ms)
				TypeCache.ScanAssembly (416ms)
			ScanForSourceGeneratedMonoScriptInfo (0ms)
			ResolveRequiredComponents (1ms)
	FinalizeReload (202ms)
		ReleaseScriptCaches (0ms)
		RebuildScriptCaches (0ms)
		SetupLoadedEditorAssemblies (171ms)
			LogAssemblyErrors (0ms)
			InitializePlatformSupportModulesInManaged (10ms)
			SetLoadedEditorAssemblies (5ms)
			RefreshPlugins (0ms)
			BeforeProcessingInitializeOnLoad (1ms)
			ProcessInitializeOnLoadAttributes (110ms)
			ProcessInitializeOnLoadMethodAttributes (43ms)
			AfterProcessingInitializeOnLoad (0ms)
			EditorAssembliesLoaded (0ms)
		ExecutionOrderSort2 (0ms)
		AwakeInstancesAfterBackupRestoration (0ms)
[Licensing::Client] Successfully resolved entitlement details
Application.AssetDatabase Initial Refresh Start
Starting: E:\workwork\steamgamework\unit\2022.3.62f3c1\Editor\Data\bee_backend.exe --ipc --defer-dag-verification --dagfile="Library/Bee/1900b0aE.dag" --continue-on-failure --profile="Library/Bee/backend1.traceevents" ScriptAssemblies
WorkingDir: D:/WorkWork/Assist/image_to_smart/.codex_tmp/w24-s0a-full110-20260825-1448/project
DisplayProgressbar: Compiling Scripts
ExitCode: 4 Duration: 0s708ms
Rebuilding DAG because FileSignature timestamp changed: Library/Bee/1900b0aE-inputdata.json
*** Tundra requires additional run (0.59 seconds), 0 items updated, 0 evaluated
Starting: E:\workwork\steamgamework\unit\2022.3.62f3c1\Editor\Data\Tools\netcorerun\netcorerun.exe "E:\workwork\steamgamework\unit\2022.3.62f3c1\Editor\Data\Tools\BuildPipeline\ScriptCompilationBuildProgram.exe" "Library/Bee/1900b0aE.dag.json" "Library/Bee/1900b0aE-inputdata.json" "Library\Bee\buildprogram0.traceevents"
WorkingDir: D:/WorkWork/Assist/image_to_smart/.codex_tmp/w24-s0a-full110-20260825-1448/project
ExitCode: 0 Duration: 1s789ms
Starting: E:\workwork\steamgamework\unit\2022.3.62f3c1\Editor\Data\bee_backend.exe --ipc --defer-dag-verification --dagfile="Library/Bee/1900b0aE.dag" --continue-on-failure --dagfilejson="Library\Bee\1900b0aE.dag.json" --profile="Library/Bee/backend2.traceevents" ScriptAssemblies
WorkingDir: D:/WorkWork/Assist/image_to_smart/.codex_tmp/w24-s0a-full110-20260825-1448/project
ExitCode: 0 Duration: 2s778ms
Finished compiling graph: 468 nodes, 5220 flattened edges (4242 ToBuild, 70 ToUse), maximum node priority 444
[ 19/465    0s] WriteText Library/Bee/artifacts/1900b0aE.dag/UnityEngine.TestRunner.rsp2
[ 20/465    0s] WriteText Library/Bee/artifacts/1900b0aE.dag/UnityEngine.TestRunner.UnityAdditionalFile.txt
[112/465    0s] WriteText Library/Bee/artifacts/1900b0aE.dag/UnityEngine.UI.UnityAdditionalFile.txt
[115/465    0s] WriteText Library/Bee/artifacts/1900b0aE.dag/UnityEditor.TestRunner.rsp2
[116/465    0s] WriteText Library/Bee/artifacts/1900b0aE.dag/UnityEngine.UI.rsp2
[117/465    0s] WriteText Library/Bee/artifacts/1900b0aE.dag/UnityEditor.TestRunner.UnityAdditionalFile.txt
[118/465    0s] WriteText Library/Bee/artifacts/1900b0aE.dag/Unity.Burst.CodeGen.UnityAdditionalFile.txt
[119/465    0s] WriteText Library/Bee/artifacts/1900b0aE.dag/UnityEditor.UI.rsp2
[121/465    0s] WriteText Library/Bee/artifacts/1900b0aE.dag/UnityEditor.UI.UnityAdditionalFile.txt
[124/465    0s] WriteText Library/Bee/artifacts/1900b0aE.dag/Unity.Burst.CodeGen.rsp2
[128/465    0s] WriteText Library/Bee/artifacts/1900b0aE.dag/Unity.RenderPipelines.Core.Runtime.rsp2
[129/465    0s] WriteText Library/Bee/artifacts/1900b0aE.dag/Unity.Burst.rsp2
[132/465    0s] WriteText Library/Bee/artifacts/1900b0aE.dag/Unity.Burst.UnityAdditionalFile.txt
[138/465    0s] WriteText Library/Bee/artifacts/1900b0aE.dag/Unity.RenderPipelines.Core.Runtime.UnityAdditionalFile.txt
[141/465    0s] WriteText Library/Bee/artifacts/1900b0aE.dag/Unity.Mathematics.UnityAdditionalFile.txt
[142/465    0s] WriteText Library/Bee/artifacts/1900b0aE.dag/Unity.RenderPipelines.Core.Editor.rsp2
[146/465    0s] WriteText Library/Bee/artifacts/1900b0aE.dag/Unity.RenderPipelines.Core.Editor.UnityAdditionalFile.txt
[148/465    0s] WriteText Library/Bee/artifacts/1900b0aE.dag/Unity.Mathematics.rsp2
[151/465    0s] WriteText Library/Bee/artifacts/1900b0aE.dag/Unity.RenderPipelines.Universal.2D.Internal.rsp2
[153/465    0s] WriteText Library/Bee/artifacts/1900b0aE.dag/Unity.RenderPipelines.Universal.Config.Runtime.rsp2
[154/465    0s] WriteText Library/Bee/artifacts/1900b0aE.dag/Unity.RenderPipelines.Universal.2D.Internal.UnityAdditionalFile.txt
[155/465    0s] WriteText Library/Bee/artifacts/1900b0aE.dag/Unity.RenderPipelines.Universal.Config.Runtime.UnityAdditionalFile.txt
[156/465    0s] WriteText Library/Bee/artifacts/1900b0aE.dag/Unity.RenderPipeline.Universal.ShaderLibrary.rsp2
[157/465    0s] WriteText Library/Bee/artifacts/1900b0aE.dag/Unity.Searcher.Editor.rsp2
[161/465    0s] WriteText Library/Bee/artifacts/1900b0aE.dag/Unity.Searcher.Editor.UnityAdditionalFile.txt
[162/465    0s] WriteText Library/Bee/artifacts/1900b0aE.dag/Unity.RenderPipeline.Universal.ShaderLibrary.UnityAdditionalFile.txt
[167/465    0s] WriteText Library/Bee/artifacts/1900b0aE.dag/Unity.ShaderGraph.Utilities.rsp2
[171/465    0s] WriteText Library/Bee/artifacts/1900b0aE.dag/Unity.ShaderGraph.Utilities.UnityAdditionalFile.txt
[177/465    0s] WriteText Library/Bee/artifacts/1900b0aE.dag/Unity.SysrootPackage.Editor.rsp2
[180/465    0s] WriteText Library/Bee/artifacts/1900b0aE.dag/Unity.SysrootPackage.Editor.UnityAdditionalFile.txt
[182/465    0s] WriteText Library/Bee/artifacts/1900b0aE.dag/Unity.ShaderGraph.Editor.UnityAdditionalFile.txt
[183/465    0s] WriteText Library/Bee/artifacts/1900b0aE.dag/Unity.RenderPipelines.Universal.Runtime.UnityAdditionalFile.txt
[185/465    0s] WriteText Library/Bee/artifacts/1900b0aE.dag/Unity.RenderPipelines.Universal.Runtime.rsp2
[188/465    0s] WriteText Library/Bee/artifacts/1900b0aE.dag/Unity.ShaderGraph.Editor.rsp2
[190/465    0s] WriteText Library/Bee/artifacts/1900b0aE.dag/Unity.Mathematics.Editor.rsp2
[194/465    0s] WriteText Library/Bee/artifacts/1900b0aE.dag/Unity.Burst.Editor.UnityAdditionalFile.txt
[195/465    0s] WriteText Library/Bee/artifacts/1900b0aE.dag/Unity.Mathematics.Editor.UnityAdditionalFile.txt
[196/465    0s] WriteResponseFile Library/Bee/artifacts/rsp/4747638433968585886.rsp
[206/465    0s] WriteText Library/Bee/artifacts/1900b0aE.dag/VFXComposer.Runtime.rsp2
[207/465    0s] WriteText Library/Bee/artifacts/1900b0aE.dag/Unity.Burst.Editor.rsp2
[210/465    0s] WriteText Library/Bee/artifacts/1900b0aE.dag/VFXComposer.Runtime.UnityAdditionalFile.txt
[213/465    0s] WriteText Library/Bee/artifacts/1900b0aE.dag/Unity.Sysroot.Linux_x86_64.rsp2
[225/465    0s] WriteText Library/Bee/artifacts/1900b0aE.dag/Unity.Sysroot.Linux_x86_64.UnityAdditionalFile.txt
[227/465    0s] WriteText Library/Bee/artifacts/1900b0aE.dag/VFXComposer.Editor.UnityAdditionalFile.txt
[228/465    0s] WriteText Library/Bee/artifacts/1900b0aE.dag/Unity.RenderPipelines.Universal.Editor.UnityAdditionalFile.txt
[229/465    0s] WriteText Library/Bee/artifacts/1900b0aE.dag/Unity.RenderPipelines.Universal.Editor.rsp2
[230/465    0s] WriteText Library/Bee/artifacts/1900b0aE.dag/VFXComposer.Editor.rsp2
[235/465    0s] WriteText Library/Bee/artifacts/1900b0aE.dag/Unity.Toolchain.Win-x86_64-Linux-x86_64.rsp2
[237/465    0s] WriteText Library/Bee/artifacts/1900b0aE.dag/Unity.2D.Sprite.Editor.rsp2
[238/465    0s] WriteText Library/Bee/artifacts/1900b0aE.dag/Unity.RenderPipelines.ShaderGraph.ShaderGraphLibrary.rsp2
[246/465    0s] WriteText Library/Bee/artifacts/1900b0aE.dag/Unity.2D.Sprite.Editor.UnityAdditionalFile.txt
[263/465    0s] WriteText Library/Bee/artifacts/1900b0aE.dag/Unity.RenderPipelines.Universal.Shaders.UnityAdditionalFile.txt
[266/465    0s] WriteText Library/Bee/artifacts/1900b0aE.dag/Unity.RenderPipelines.Universal.Shaders.rsp2
[272/465    0s] WriteText Library/Bee/artifacts/1900b0aE.dag/Unity.RenderPipelines.Core.ShaderLibrary.UnityAdditionalFile.txt
[276/465    0s] WriteText Library/Bee/artifacts/1900b0aE.dag/Unity.RenderPipelines.Core.ShaderLibrary.rsp2
[285/465    0s] WriteText Library/Bee/artifacts/1900b0aE.dag/Unity.Toolchain.Win-x86_64-Linux-x86_64.UnityAdditionalFile.txt
[288/465    0s] WriteText Library/Bee/artifacts/1900b0aE.dag/Unity.RenderPipelines.ShaderGraph.ShaderGraphLibrary.UnityAdditionalFile.txt
[296/465    0s] WriteText Library/Bee/artifacts/1900b0aE.dag/PPv2URPConverters.rsp2
[301/465    0s] WriteText Library/Bee/artifacts/1900b0aE.dag/PPv2URPConverters.UnityAdditionalFile.txt
[307/465    0s] WriteText Library/Bee/artifacts/1900b0aE.dag/VFXComposer.Tests.PlayMode.W24S0aFormalRuntime.rsp2
[308/465    0s] WriteText Library/Bee/artifacts/1900b0aE.dag/VFXComposer.Tests.PlayMode.W24S0aFormalRuntime.UnityAdditionalFile.txt
[309/465    0s] WriteText Library/Bee/artifacts/1900b0aE.dag/Assembly-CSharp.UnityAdditionalFile.txt
[310/465    0s] WriteText Library/Bee/artifacts/1900b0aE.dag/VFXComposer.Tests.PlayMode.rsp2
[311/465    0s] WriteText Library/Bee/artifacts/1900b0aE.dag/VFXComposer.Tests.PlayMode.UnityAdditionalFile.txt
[312/465    0s] WriteText Library/Bee/artifacts/1900b0aE.dag/VFXComposer.Tests.PlayMode.W24S0aFormal.rsp2
[313/465    0s] WriteText Library/Bee/artifacts/1900b0aE.dag/VFXComposer.Tests.EditMode.rsp2
[314/465    0s] WriteText Library/Bee/artifacts/1900b0aE.dag/VFXComposer.Tests.EditMode.UnityAdditionalFile.txt
[315/465    0s] WriteText Library/Bee/artifacts/1900b0aE.dag/S12.SlashSpike.Editor.UnityAdditionalFile.txt
[316/465    0s] WriteText Library/Bee/artifacts/1900b0aE.dag/VFXComposer.Tests.PlayMode.W24S0aFormal.UnityAdditionalFile.txt
[324/465    0s] WriteResponseFile Library/Bee/artifacts/rsp/3961525668064847622.rsp
[325/465    0s] WriteResponseFile Library/Bee/artifacts/rsp/13361056026770667838.rsp
[326/465    0s] WriteResponseFile Library/Bee/artifacts/rsp/13686715218353603589.rsp
[327/465    0s] WriteResponseFile Library/Bee/artifacts/rsp/9870516708743257357.rsp
[328/465    0s] WriteResponseFile Library/Bee/artifacts/rsp/10010842633742469623.rsp
[329/465    0s] WriteResponseFile Library/Bee/artifacts/rsp/4014436084419441659.rsp
[330/465    0s] WriteResponseFile Library/Bee/artifacts/rsp/18218310762646611085.rsp
[331/465    0s] WriteResponseFile Library/Bee/artifacts/rsp/17525389461119239690.rsp
[334/465    0s] WriteResponseFile Library/Bee/artifacts/rsp/278798036110246694.rsp
[335/465    0s] WriteResponseFile Library/Bee/artifacts/rsp/5916180605834378387.rsp
[336/465    0s] WriteResponseFile Library/Bee/artifacts/rsp/10678863128556690338.rsp
[337/465    0s] WriteResponseFile Library/Bee/artifacts/rsp/5803490648119114145.rsp
[338/465    0s] WriteResponseFile Library/Bee/artifacts/rsp/1418726328684876121.rsp
[339/465    0s] WriteResponseFile Library/Bee/artifacts/rsp/13097624913482137206.rsp
[340/465    0s] WriteResponseFile Library/Bee/artifacts/rsp/15085861467720516389.rsp
[341/465    0s] WriteResponseFile Library/Bee/artifacts/rsp/9675442845102135732.rsp
[342/465    0s] WriteResponseFile Library/Bee/artifacts/rsp/6841316898876630997.rsp
[343/465    0s] WriteResponseFile Library/Bee/artifacts/rsp/15394042617203071315.rsp
[344/465    0s] WriteResponseFile Library/Bee/artifacts/rsp/6947401630772442630.rsp
[345/465    0s] WriteResponseFile Library/Bee/artifacts/rsp/3648465134513896125.rsp
[346/465    0s] WriteResponseFile Library/Bee/artifacts/rsp/12428503836860535725.rsp
[347/465    0s] WriteResponseFile Library/Bee/artifacts/rsp/3802136705769937336.rsp
[348/465    0s] WriteResponseFile Library/Bee/artifacts/rsp/1638368849635582809.rsp
[350/465    0s] WriteResponseFile Library/Bee/artifacts/rsp/11258323299798293270.rsp
[352/465    0s] WriteResponseFile Library/Bee/artifacts/rsp/4982319814403435280.rsp
[353/465    0s] WriteResponseFile Library/Bee/artifacts/rsp/9703144790800738880.rsp
[354/465    0s] WriteResponseFile Library/Bee/artifacts/rsp/14814235663552238418.rsp
[355/465    0s] WriteResponseFile Library/Bee/artifacts/rsp/12812556936427222528.rsp
[356/465    0s] WriteResponseFile Library/Bee/artifacts/rsp/7864899638050208757.rsp
[357/465    0s] WriteResponseFile Library/Bee/artifacts/rsp/15183149355271759364.rsp
[358/465    0s] WriteResponseFile Library/Bee/artifacts/rsp/12248871281822510316.rsp
[359/465    0s] WriteResponseFile Library/Bee/artifacts/rsp/1504373005061498258.rsp
[368/465    0s] ILPP-Configuration Library/ilpp-configuration.nevergeneratedoutput
[369/465    0s] ILPostProcess Library/Bee/artifacts/1900b0aE.dag/post-processed/Unity.RenderPipelines.Universal.2D.Internal.dll (+pdb)
Processing assembly Library/Bee/artifacts/1900b0aE.dag/Unity.RenderPipelines.Universal.2D.Internal.dll, with 120 defines and 186 references

processors: zzzUnity.Burst.CodeGen.BurstILPostProcessor

running zzzUnity.Burst.CodeGen.BurstILPostProcessor
[370/465    0s] ILPostProcess Library/Bee/artifacts/1900b0aE.dag/post-processed/Unity.RenderPipelines.Universal.Shaders.dll (+pdb)
Processing assembly Library/Bee/artifacts/1900b0aE.dag/Unity.RenderPipelines.Universal.Shaders.dll, with 120 defines and 186 references

processors: zzzUnity.Burst.CodeGen.BurstILPostProcessor

running zzzUnity.Burst.CodeGen.BurstILPostProcessor
[371/465    0s] ILPostProcess Library/Bee/artifacts/1900b0aE.dag/post-processed/VFXComposer.Tests.PlayMode.W24S0aFormalRuntime.dll (+pdb)
Processing assembly Library/Bee/artifacts/1900b0aE.dag/VFXComposer.Tests.PlayMode.W24S0aFormalRuntime.dll, with 120 defines and 186 references

processors: zzzUnity.Burst.CodeGen.BurstILPostProcessor

running zzzUnity.Burst.CodeGen.BurstILPostProcessor
[372/465    0s] ILPostProcess Library/Bee/artifacts/1900b0aE.dag/post-processed/Unity.RenderPipeline.Universal.ShaderLibrary.dll (+pdb)
Processing assembly Library/Bee/artifacts/1900b0aE.dag/Unity.RenderPipeline.Universal.ShaderLibrary.dll, with 120 defines and 187 references

processors: zzzUnity.Burst.CodeGen.BurstILPostProcessor

running zzzUnity.Burst.CodeGen.BurstILPostProcessor
[373/465    0s] ILPostProcess Library/Bee/artifacts/1900b0aE.dag/post-processed/Unity.Mathematics.dll (+pdb)
Processing assembly Library/Bee/artifacts/1900b0aE.dag/Unity.Mathematics.dll, with 120 defines and 186 references

processors: zzzUnity.Burst.CodeGen.BurstILPostProcessor

running zzzUnity.Burst.CodeGen.BurstILPostProcessor
[374/465    0s] ILPostProcess Library/Bee/artifacts/1900b0aE.dag/post-processed/Unity.RenderPipelines.Universal.Config.Runtime.dll (+pdb)
Processing assembly Library/Bee/artifacts/1900b0aE.dag/Unity.RenderPipelines.Universal.Config.Runtime.dll, with 120 defines and 187 references

processors: zzzUnity.Burst.CodeGen.BurstILPostProcessor

running zzzUnity.Burst.CodeGen.BurstILPostProcessor
[375/465    0s] ILPostProcess Library/Bee/artifacts/1900b0aE.dag/post-processed/Unity.RenderPipelines.Core.Runtime.dll (+pdb)
Processing assembly Library/Bee/artifacts/1900b0aE.dag/Unity.RenderPipelines.Core.Runtime.dll, with 120 defines and 186 references

processors: zzzUnity.Burst.CodeGen.BurstILPostProcessor

running zzzUnity.Burst.CodeGen.BurstILPostProcessor
[376/465    0s] ILPostProcess Library/Bee/artifacts/1900b0aE.dag/post-processed/VFXComposer.Runtime.dll (+pdb)
Processing assembly Library/Bee/artifacts/1900b0aE.dag/VFXComposer.Runtime.dll, with 120 defines and 186 references

processors: zzzUnity.Burst.CodeGen.BurstILPostProcessor

running zzzUnity.Burst.CodeGen.BurstILPostProcessor
[377/465    0s] ILPostProcess Library/Bee/artifacts/1900b0aE.dag/post-processed/Unity.RenderPipelines.Core.ShaderLibrary.dll (+pdb)
Processing assembly Library/Bee/artifacts/1900b0aE.dag/Unity.RenderPipelines.Core.ShaderLibrary.dll, with 120 defines and 186 references

processors: zzzUnity.Burst.CodeGen.BurstILPostProcessor

running zzzUnity.Burst.CodeGen.BurstILPostProcessor
[378/465    0s] ILPostProcess Library/Bee/artifacts/1900b0aE.dag/post-processed/Unity.RenderPipelines.ShaderGraph.ShaderGraphLibrary.dll (+pdb)
Processing assembly Library/Bee/artifacts/1900b0aE.dag/Unity.RenderPipelines.ShaderGraph.ShaderGraphLibrary.dll, with 120 defines and 186 references

processors: zzzUnity.Burst.CodeGen.BurstILPostProcessor

running zzzUnity.Burst.CodeGen.BurstILPostProcessor
[379/465    0s] ILPostProcess Library/Bee/artifacts/1900b0aE.dag/post-processed/Unity.Searcher.Editor.dll (+pdb)
Processing assembly Library/Bee/artifacts/1900b0aE.dag/Unity.Searcher.Editor.dll, with 118 defines and 218 references

processors: zzzUnity.Burst.CodeGen.BurstILPostProcessor

running zzzUnity.Burst.CodeGen.BurstILPostProcessor
[380/465    0s] ILPostProcess Library/Bee/artifacts/1900b0aE.dag/post-processed/UnityEngine.UI.dll (+pdb)
Processing assembly Library/Bee/artifacts/1900b0aE.dag/UnityEngine.UI.dll, with 121 defines and 184 references

processors: zzzUnity.Burst.CodeGen.BurstILPostProcessor

running zzzUnity.Burst.CodeGen.BurstILPostProcessor
[381/465    0s] ILPostProcess Library/Bee/artifacts/1900b0aE.dag/post-processed/Unity.Burst.dll (+pdb)
Processing assembly Library/Bee/artifacts/1900b0aE.dag/Unity.Burst.dll, with 120 defines and 186 references

processors: zzzUnity.Burst.CodeGen.BurstILPostProcessor

running zzzUnity.Burst.CodeGen.BurstILPostProcessor
[382/465    0s] ILPostProcess Library/Bee/artifacts/1900b0aE.dag/post-processed/Unity.Toolchain.Win-x86_64-Linux-x86_64.dll (+pdb)
Processing assembly Library/Bee/artifacts/1900b0aE.dag/Unity.Toolchain.Win-x86_64-Linux-x86_64.dll, with 118 defines and 220 references

processors: zzzUnity.Burst.CodeGen.BurstILPostProcessor

running zzzUnity.Burst.CodeGen.BurstILPostProcessor
[384/465    0s] ILPostProcess Library/Bee/artifacts/1900b0aE.dag/post-processed/VFXComposer.Tests.PlayMode.dll (+pdb)
Processing assembly Library/Bee/artifacts/1900b0aE.dag/VFXComposer.Tests.PlayMode.dll, with 120 defines and 187 references

processors: zzzUnity.Burst.CodeGen.BurstILPostProcessor

running zzzUnity.Burst.CodeGen.BurstILPostProcessor
[385/465    0s] ILPostProcess Library/Bee/artifacts/1900b0aE.dag/post-processed/VFXComposer.Editor.dll (+pdb)
Processing assembly Library/Bee/artifacts/1900b0aE.dag/VFXComposer.Editor.dll, with 118 defines and 219 references

processors: zzzUnity.Burst.CodeGen.BurstILPostProcessor

running zzzUnity.Burst.CodeGen.BurstILPostProcessor
[386/465    0s] ILPostProcess Library/Bee/artifacts/1900b0aE.dag/post-processed/S12.SlashSpike.Editor.dll (+pdb)
Processing assembly Library/Bee/artifacts/1900b0aE.dag/S12.SlashSpike.Editor.dll, with 118 defines and 218 references

processors: zzzUnity.Burst.CodeGen.BurstILPostProcessor

running zzzUnity.Burst.CodeGen.BurstILPostProcessor
[397/465    0s] ILPostProcess Library/Bee/artifacts/1900b0aE.dag/post-processed/Unity.ShaderGraph.Utilities.dll (+pdb)
Processing assembly Library/Bee/artifacts/1900b0aE.dag/Unity.ShaderGraph.Utilities.dll, with 118 defines and 218 references

processors: zzzUnity.Burst.CodeGen.BurstILPostProcessor

running zzzUnity.Burst.CodeGen.BurstILPostProcessor
[398/465    0s] ILPostProcess Library/Bee/artifacts/1900b0aE.dag/post-processed/Unity.SysrootPackage.Editor.dll (+pdb)
Processing assembly Library/Bee/artifacts/1900b0aE.dag/Unity.SysrootPackage.Editor.dll, with 118 defines and 218 references

processors: zzzUnity.Burst.CodeGen.BurstILPostProcessor

running zzzUnity.Burst.CodeGen.BurstILPostProcessor
[399/465    0s] ILPostProcess Library/Bee/artifacts/1900b0aE.dag/post-processed/PPv2URPConverters.dll (+pdb)
Processing assembly Library/Bee/artifacts/1900b0aE.dag/PPv2URPConverters.dll, with 118 defines and 222 references

processors: zzzUnity.Burst.CodeGen.BurstILPostProcessor

running zzzUnity.Burst.CodeGen.BurstILPostProcessor
[429/465    1s] ILPostProcess Library/Bee/artifacts/1900b0aE.dag/post-processed/Unity.Burst.Editor.dll (+pdb)
Processing assembly Library/Bee/artifacts/1900b0aE.dag/Unity.Burst.Editor.dll, with 118 defines and 219 references

processors: zzzUnity.Burst.CodeGen.BurstILPostProcessor

running zzzUnity.Burst.CodeGen.BurstILPostProcessor
[431/465    1s] ILPostProcess Library/Bee/artifacts/1900b0aE.dag/post-processed/Assembly-CSharp.dll (+pdb)
Processing assembly Library/Bee/artifacts/1900b0aE.dag/Assembly-CSharp.dll, with 120 defines and 206 references

processors: zzzUnity.Burst.CodeGen.BurstILPostProcessor

running zzzUnity.Burst.CodeGen.BurstILPostProcessor
[435/465    1s] ILPostProcess Library/Bee/artifacts/1900b0aE.dag/post-processed/Unity.Mathematics.Editor.dll (+pdb)
Processing assembly Library/Bee/artifacts/1900b0aE.dag/Unity.Mathematics.Editor.dll, with 118 defines and 219 references

processors: zzzUnity.Burst.CodeGen.BurstILPostProcessor

running zzzUnity.Burst.CodeGen.BurstILPostProcessor
[436/465    1s] ILPostProcess Library/Bee/artifacts/1900b0aE.dag/post-processed/VFXComposer.Tests.EditMode.dll (+pdb)
Processing assembly Library/Bee/artifacts/1900b0aE.dag/VFXComposer.Tests.EditMode.dll, with 118 defines and 220 references

processors: zzzUnity.Burst.CodeGen.BurstILPostProcessor

running zzzUnity.Burst.CodeGen.BurstILPostProcessor
[437/465    1s] ILPostProcess Library/Bee/artifacts/1900b0aE.dag/post-processed/Unity.RenderPipelines.Universal.Editor.dll (+pdb)
Processing assembly Library/Bee/artifacts/1900b0aE.dag/Unity.RenderPipelines.Universal.Editor.dll, with 118 defines and 224 references

processors: zzzUnity.Burst.CodeGen.BurstILPostProcessor

running zzzUnity.Burst.CodeGen.BurstILPostProcessor
[438/465    1s] ILPostProcess Library/Bee/artifacts/1900b0aE.dag/post-processed/Unity.Sysroot.Linux_x86_64.dll (+pdb)
Processing assembly Library/Bee/artifacts/1900b0aE.dag/Unity.Sysroot.Linux_x86_64.dll, with 118 defines and 219 references

processors: zzzUnity.Burst.CodeGen.BurstILPostProcessor

running zzzUnity.Burst.CodeGen.BurstILPostProcessor
[439/465    1s] ILPostProcess Library/Bee/artifacts/1900b0aE.dag/post-processed/UnityEditor.UI.dll (+pdb)
Processing assembly Library/Bee/artifacts/1900b0aE.dag/UnityEditor.UI.dll, with 119 defines and 217 references

processors: zzzUnity.Burst.CodeGen.BurstILPostProcessor

running zzzUnity.Burst.CodeGen.BurstILPostProcessor
[449/465    1s] ILPostProcess Library/Bee/artifacts/1900b0aE.dag/post-processed/Unity.2D.Sprite.Editor.dll (+pdb)
Processing assembly Library/Bee/artifacts/1900b0aE.dag/Unity.2D.Sprite.Editor.dll, with 118 defines and 218 references

processors: zzzUnity.Burst.CodeGen.BurstILPostProcessor

running zzzUnity.Burst.CodeGen.BurstILPostProcessor
[452/465    1s] ILPostProcess Library/Bee/artifacts/1900b0aE.dag/post-processed/VFXComposer.Tests.PlayMode.W24S0aFormal.dll (+pdb)
Processing assembly Library/Bee/artifacts/1900b0aE.dag/VFXComposer.Tests.PlayMode.W24S0aFormal.dll, with 118 defines and 219 references

processors: zzzUnity.Burst.CodeGen.BurstILPostProcessor

running zzzUnity.Burst.CodeGen.BurstILPostProcessor
[453/465    1s] ILPostProcess Library/Bee/artifacts/1900b0aE.dag/post-processed/Unity.RenderPipelines.Universal.Runtime.dll (+pdb)
Processing assembly Library/Bee/artifacts/1900b0aE.dag/Unity.RenderPipelines.Universal.Runtime.dll, with 121 defines and 192 references

processors: zzzUnity.Burst.CodeGen.BurstILPostProcessor

running zzzUnity.Burst.CodeGen.BurstILPostProcessor
[459/465    1s] ILPostProcess Library/Bee/artifacts/1900b0aE.dag/post-processed/Unity.ShaderGraph.Editor.dll (+pdb)
Processing assembly Library/Bee/artifacts/1900b0aE.dag/Unity.ShaderGraph.Editor.dll, with 118 defines and 222 references

processors: zzzUnity.Burst.CodeGen.BurstILPostProcessor

running zzzUnity.Burst.CodeGen.BurstILPostProcessor
[461/465    1s] ILPostProcess Library/Bee/artifacts/1900b0aE.dag/post-processed/Unity.RenderPipelines.Core.Editor.dll (+pdb)
Processing assembly Library/Bee/artifacts/1900b0aE.dag/Unity.RenderPipelines.Core.Editor.dll, with 119 defines and 220 references

processors: zzzUnity.Burst.CodeGen.BurstILPostProcessor

running zzzUnity.Burst.CodeGen.BurstILPostProcessor
*** Tundra build success (2.76 seconds), 134 items updated, 465 evaluated
AssetDatabase: script compilation time: 9.337495s
Begin MonoManager ReloadAssembly
- Loaded All Assemblies, in  3.617 seconds
Refreshing native plugins compatible for Editor in 0.65 ms, found 0 plugins.
Preloading 0 native plugins for Editor in 0.00 ms.
Refreshing native plugins compatible for Editor in 0.69 ms, found 0 plugins.
Native extension for LinuxStandalone target not found
Native extension for WindowsStandalone target not found
Mono: successfully reloaded assembly
- Finished resetting the current domain, in  2.164 seconds
Domain Reload Profiling: 5781ms
	BeginReloadAssembly (111ms)
		ExecutionOrderSort (0ms)
		DisableScriptedObjects (3ms)
		BackupInstance (0ms)
		ReleaseScriptingObjects (0ms)
		CreateAndSetChildDomain (19ms)
	RebuildCommonClasses (26ms)
	RebuildNativeTypeToScriptingClass (8ms)
	initialDomainReloadingComplete (21ms)
	LoadAllAssembliesAndSetupDomain (3450ms)
		LoadAssemblies (3387ms)
		RebuildTransferFunctionScriptingTraits (0ms)
		AnalyzeDomain (128ms)
			TypeCache.Refresh (112ms)
				TypeCache.ScanAssembly (103ms)
			ScanForSourceGeneratedMonoScriptInfo (10ms)
			ResolveRequiredComponents (6ms)
	FinalizeReload (2164ms)
		ReleaseScriptCaches (0ms)
		RebuildScriptCaches (0ms)
		SetupLoadedEditorAssemblies (1612ms)
			LogAssemblyErrors (0ms)
			InitializePlatformSupportModulesInManaged (6ms)
			SetLoadedEditorAssemblies (3ms)
			RefreshPlugins (0ms)
			BeforeProcessingInitializeOnLoad (40ms)
			ProcessInitializeOnLoadAttributes (1493ms)
			ProcessInitializeOnLoadMethodAttributes (66ms)
			AfterProcessingInitializeOnLoad (3ms)
			EditorAssembliesLoaded (0ms)
		ExecutionOrderSort2 (0ms)
		AwakeInstancesAfterBackupRestoration (5ms)
Asset Pipeline Refresh (id=999770f2efbe406458bc120b3b2963bc): Total: 38.606 seconds - Initiated by InitialRefreshV2(ForceSynchronousImport)
	Summary:
		Imports: total=0 (actual=0, local cache=0, cache server=0)
		Asset DB Process Time: managed=0 ms, native=23412 ms
		Asset DB Callback time: managed=20 ms, native=0 ms
		Scripting: domain reloads=1, domain reload time=5816 ms, compile time=9339 ms, other=17 ms
		Project Asset Count: scripts=3723, non-scripts=2401
		Asset File Changes: new=0, changed=0, moved=0, deleted=0
		Scan Filter Count: 0
	InvokeBeforeRefreshCallbacks: 0.359ms
	ApplyChangesToAssetFolders: 0.022ms
	Scan: 52.129ms
	OnSourceAssetsModified: 0.001ms
	GetAllGuidsForCategorization: 0.490ms
	CategorizeAssets: 270.695ms
	ImportOutOfDateAssets: 2189.326ms (-7160.538ms without children)
		CompileScripts: 9339.036ms
		ReloadNativeAssets: 0.013ms
		UnloadImportedAssets: 8.695ms
		EnsureUptoDateAssetsAreRegisteredWithGuidPM: 1.271ms
		InitializingProgressBar: 0.001ms
		PostProcessAllAssetNotificationsAddChangedAssets: 0.000ms
		OnDemandSchedulerStart: 0.847ms
	PostProcessAllAssets: 20.620ms
	GatherAllCurrentPrimaryArtifactRevisions: 0.001ms
	UnloadStreamsBegin: 0.188ms
	PersistCurrentRevisions: 0.471ms
	UnloadStreamsEnd: 0.033ms
	GenerateScriptTypeHashes: 2.168ms
	Untracked: 36071.751ms
Application.AssetDatabase Initial Refresh End
Launched and connected shader compiler UnityShaderCompiler.exe after 0.11 seconds
Scanning for USB devices : 7.576ms
Initializing Unity extensions:
[MODES] ModeService[none].Initialize
[MODES] ModeService[none].LoadModes
[MODES] Loading mode Default (0) for mode-current-id-project
[PhysX] Initialized MultithreadedTaskDispatcher with 20 workers.
ProgressiveSceneManager::Cancel()
Unloading 64 Unused Serialized files (Serialized files now loaded: 0)
Unloading 121 unused Assets / (4.7 MB). Loaded Objects now: 3182.
Memory consumption went from 143.2 MB to 138.5 MB.
Total: 4.085200 ms (FindLiveObjects: 0.128300 ms CreateObjectMapping: 0.056500 ms MarkObjects: 2.711900 ms  DeleteObjects: 1.187500 ms)

[Project] Loading completed in 88.149 seconds
	Project init time: 				85.034 seconds
		Template init time: 		0.000 seconds
		Package Manager init time: 		0.260 seconds
		Asset Database init time: 		37.532 seconds
		Global illumination init time: 	0.040 seconds
		Assemblies load time: 			5.013 seconds
		Unity extensions init time: 	0.003 seconds
		Asset Database refresh time: 	0.000 seconds
	Scene opening time: 			0.316 seconds
##utp:{"type":"ProjectInfo","version":2,"phase":"Immediate","time":1787670034548,"processId":10160,"projectLoad":88.1489628,"projectInit":85.0339699,"templateInit":0.0,"packageManagerInit":0.2601106,"assetDatabaseInit":37.5316342,"globalIlluminationInit":0.0401106,"assembliesLoad":5.0132231,"unityExtensionsInit":0.0027458,"assetDatabaseRefresh":0.0,"sceneOpening":0.3158196}
##utp:{"type":"EditorInfo","version":2,"phase":"Immediate","time":1787670034548,"processId":10160,"editorVersion":"2022.3.62f3c1 (1623fc0bbb97)","branch":"2022.3/china_unity/release","buildType":"Release","platform":"Windows"}
[Licensing::Client] Successfully resolved entitlement details
Running tests for PlayMode
With test filter: VFXComposer.Tests.PlayMode.W24S0aFormalRuntime.W24S0aFormalPlayModeProxyTests.Capture_Full110_OperatorOnlyMutants_WhenTheFutureCohortExists
Executing tests with settings: test mode = PlayMode
UnityEngine.StackTraceUtility:ExtractStackTrace ()
UnityEngine.DebugLogHandler:LogFormat (UnityEngine.LogType,UnityEngine.Object,string,object[])
UnityEngine.Logger:Log (UnityEngine.LogType,object)
UnityEngine.Debug:Log (object)
UnityEditor.TestTools.TestRunner.CommandLineTest.Executer:InitializeAndExecuteRun (string[]) (at ./Library/PackageCache/com.unity.test-framework@1.1.33/UnityEditor.TestRunner/CommandLineTest/Executer.cs:47)
UnityEditor.TestTools.TestRunner.CommandLineTest.TestStarter:UpdateWatch () (at ./Library/PackageCache/com.unity.test-framework@1.1.33/UnityEditor.TestRunner/CommandLineTest/TestStarter.cs:50)
UnityEditor.EditorApplication:Internal_CallUpdateFunctions ()

(Filename: ./Library/PackageCache/com.unity.test-framework@1.1.33/UnityEditor.TestRunner/CommandLineTest/Executer.cs Line: 47)

[UnityConnectServicesConfig] config is NOT valid, switching to default
Created GICache directory at C:/Users/admin/AppData/LocalLow/Unity/Caches/GiCache. Took: 0.011s, timestamps: [88.177 - 88.188]
gi::BakeBackendSwitch: switching bake backend from 3 to 1.
[00:00:00] Builtin Sky manager started.
[PhysX] Initialized MultithreadedTaskDispatcher with 20 workers.
Unloading 1 Unused Serialized files (Serialized files now loaded: 0)
Unloading 0 unused Assets / (324 B). Loaded Objects now: 3191.
Memory consumption went from 123.3 MB to 123.3 MB.
Total: 3.289400 ms (FindLiveObjects: 0.110400 ms CreateObjectMapping: 0.050600 ms MarkObjects: 3.121500 ms  DeleteObjects: 0.006200 ms)

Start importing Assets/InitTestScene639232956346611081.unity using Guid(bed97818ca11a0c458480d62d5806756) Importer(-1,00000000000000000000000000000000) [PhysX] Initialized MultithreadedTaskDispatcher with 20 workers.
 -> (artifact id: '5de982c0721315ee683cc8cbd12483c5') in 0.004825 seconds
Refreshing native plugins compatible for Editor in 0.72 ms, found 0 plugins.
Preloading 0 native plugins for Editor in 0.00 ms.
Asset Pipeline Refresh (id=9e2051ea852108344865cd72b676da17): Total: 0.095 seconds - Initiated by StopAssetImportingV2(NoUpdateAssetOptions)
[00:00:00] Finished 1 Bake Ambient Probe job (0.01s execute, 0.00s integrate, 0.26s wallclock)
Reloading assemblies for play mode.
Reloading assemblies after forced synchronous recompile.
Begin MonoManager ReloadAssembly
- Loaded All Assemblies, in  0.269 seconds
Refreshing native plugins compatible for Editor in 0.89 ms, found 0 plugins.
Native extension for LinuxStandalone target not found
Native extension for WindowsStandalone target not found
Mono: successfully reloaded assembly
- Finished resetting the current domain, in  0.357 seconds
Domain Reload Profiling: 627ms
	BeginReloadAssembly (193ms)
		ExecutionOrderSort (0ms)
		DisableScriptedObjects (3ms)
		BackupInstance (0ms)
		ReleaseScriptingObjects (0ms)
		CreateAndSetChildDomain (125ms)
	RebuildCommonClasses (22ms)
	RebuildNativeTypeToScriptingClass (8ms)
	initialDomainReloadingComplete (17ms)
	LoadAllAssembliesAndSetupDomain (30ms)
		LoadAssemblies (70ms)
		RebuildTransferFunctionScriptingTraits (0ms)
		AnalyzeDomain (11ms)
			TypeCache.Refresh (3ms)
				TypeCache.ScanAssembly (0ms)
			ScanForSourceGeneratedMonoScriptInfo (0ms)
			ResolveRequiredComponents (7ms)
	FinalizeReload (357ms)
		ReleaseScriptCaches (0ms)
		RebuildScriptCaches (0ms)
		SetupLoadedEditorAssemblies (215ms)
			LogAssemblyErrors (0ms)
			InitializePlatformSupportModulesInManaged (6ms)
			SetLoadedEditorAssemblies (4ms)
			RefreshPlugins (0ms)
			BeforeProcessingInitializeOnLoad (35ms)
			ProcessInitializeOnLoadAttributes (113ms)
			ProcessInitializeOnLoadMethodAttributes (54ms)
			AfterProcessingInitializeOnLoad (2ms)
			EditorAssembliesLoaded (0ms)
		ExecutionOrderSort2 (0ms)
		AwakeInstancesAfterBackupRestoration (9ms)
Asset Pipeline Refresh (id=1bc79f66c3815ce40a2ab1b82318d30b): Total: 0.783 seconds - Initiated by StopAssetImportingV2(ForceSynchronousImport | ForceDomainReload)
	Summary:
		Imports: total=0 (actual=0, local cache=0, cache server=0)
		Asset DB Process Time: managed=0 ms, native=134 ms
		Asset DB Callback time: managed=8 ms, native=0 ms
		Scripting: domain reloads=1, domain reload time=636 ms, compile time=1 ms, other=0 ms
		Project Asset Count: scripts=3723, non-scripts=2402
		Asset File Changes: new=0, changed=0, moved=0, deleted=0
		Scan Filter Count: 0
	InvokeBeforeRefreshCallbacks: 0.341ms
	ApplyChangesToAssetFolders: 0.026ms
	Scan: 0.001ms
	OnSourceAssetsModified: 0.001ms
	GetAllGuidsForCategorization: 0.564ms
	CategorizeAssets: 70.654ms
	ImportOutOfDateAssets: 365.329ms (361.269ms without children)
		CompileScripts: 1.453ms
		CollectScriptTypesHashes: 0.328ms
		ReloadNativeAssets: 0.290ms
		UnloadImportedAssets: 0.293ms
		EnsureUptoDateAssetsAreRegisteredWithGuidPM: 1.020ms
		InitializingProgressBar: 0.000ms
		PostProcessAllAssetNotificationsAddChangedAssets: 0.000ms
		OnDemandSchedulerStart: 0.677ms
	PostProcessAllAssets: 8.988ms
	GatherAllCurrentPrimaryArtifactRevisions: 0.226ms
	UnloadStreamsBegin: 0.087ms
	PersistCurrentRevisions: 0.224ms
	UnloadStreamsEnd: 0.020ms
	GenerateScriptTypeHashes: 2.340ms
	Untracked: 336.101ms
[PhysX] Initialized MultithreadedTaskDispatcher with 20 workers.
Loaded scene 'Temp/__Backupscenes/0.backup'
	Deserialize:            0.783 ms
	Integration:            103.975 ms
	Integration of assets:  0.001 ms
	Thread Wait Time:       0.006 ms
	Total Operation Time:   104.765 ms
[MODES] ModeService[none].Initialize
[MODES] ModeService[none].LoadModes
[MODES] Loading mode Default (0) for mode-current-id-project
Unloading 5 Unused Serialized files (Serialized files now loaded: 0)
[PhysX] Initialized MultithreadedTaskDispatcher with 20 workers.
UnloadTime: 0.201400 ms
Loaded scene 'Assets/VFX/Preview/VFXPREVIEW_SustainedFlame.unity'
	Deserialize:            63.356 ms
	Integration:            104.596 ms
	Integration of assets:  0.490 ms
	Thread Wait Time:       -0.126 ms
	Total Operation Time:   168.316 ms
Unloading 59 unused Assets / (7.8 KB). Loaded Objects now: 3348.
Memory consumption went from 125.5 MB to 125.5 MB.
Total: 3.753700 ms (FindLiveObjects: 0.136300 ms CreateObjectMapping: 0.052900 ms MarkObjects: 3.104500 ms  DeleteObjects: 0.459000 ms)

Refreshing native plugins compatible for Editor in 49.58 ms, found 0 plugins.
Preloading 0 native plugins for Editor in 0.00 ms.
Asset Pipeline Refresh (id=2724c73f2abff634089d3f42979387cb): Total: 0.525 seconds - Initiated by StopAssetImportingV2(NoUpdateAssetOptions)
	Summary:
		Imports: total=0 (actual=0, local cache=0, cache server=0)
		Asset DB Process Time: managed=0 ms, native=285 ms
		Asset DB Callback time: managed=106 ms, native=132 ms
		Scripting: domain reloads=0, domain reload time=0 ms, compile time=0 ms, other=0 ms
		Project Asset Count: scripts=3723, non-scripts=2401
		Asset File Changes: new=0, changed=0, moved=0, deleted=1
		Scan Filter Count: 2
	InvokeBeforeRefreshCallbacks: 0.009ms
	ApplyChangesToAssetFolders: 6.152ms
	Scan: 12.792ms
	OnSourceAssetsModified: 3.711ms
	UnregisterDeletedAssets: 0.004ms
	GetAllGuidsForCategorization: 23.300ms
	CategorizeAssets: 108.647ms
	ImportOutOfDateAssets: 6.960ms (0.627ms without children)
		ReloadNativeAssets: 0.773ms
		UnloadImportedAssets: 0.049ms
		EnsureUptoDateAssetsAreRegisteredWithGuidPM: 0.611ms
		InitializingProgressBar: 0.325ms
		PostProcessAllAssetNotificationsAddChangedAssets: 0.001ms
		OnDemandSchedulerStart: 4.575ms
	PostProcessAllAssets: 173.934ms
	Hotreload: 61.315ms
	GatherAllCurrentPrimaryArtifactRevisions: 9.827ms
	UnloadStreamsBegin: 0.034ms
	PersistCurrentRevisions: 1.687ms
	UnloadStreamsEnd: 0.026ms
	Untracked: 116.186ms
Saving results to: D:\WorkWork\Assist\image_to_smart\.codex_tmp\w24-s0a-full110-20260825-1448\test-results\s0a-full110.xml
[PhysX] Initialized MultithreadedTaskDispatcher with 20 workers.
Input System module state changed to: ShutdownInProgress.
Input System polling thread exited.
Input System module state changed to: Shutdown.
[Licensing::IpcConnector] LicenseClient-admin-2022.3.62-notifications channel disconnected successfully.
[Licensing::IpcConnector] LicenseClient-admin-2022.3.62 channel disconnected successfully.
Cleanup mono
[Performance] WinEditorMain                                                                                                                        :        1 samples, Peak.  2.75 s (1.0x), Avg.  2.75 s, Total. 2.749 s (0.1%)
[Performance] WinEditorMain.ConfigureCrashHandler                                                                                                  :        1 samples, Peak.  21.4 us (1.0x), Avg.  21.4 us, Total. 21.40 us (0.0%)
[Performance] WinEditorMain.CurlRequestInitialize                                                                                                  :        1 samples, Peak.   241 us (1.0x), Avg.   241 us, Total. 241.4 us (0.0%)
[Performance] WinEditorMain.SetupLogFile                                                                                                           :        1 samples, Peak.   142 us (1.0x), Avg.   142 us, Total. 142.4 us (0.0%)
[Performance] WinEditorMain.RunNativeTestsIfRequiredAndExit                                                                                        :        1 samples, Peak. 100.0 ns (1.0x), Avg. 100.0 ns, Total. 100.00 ns (0.0%)
[Performance] WinEditorMain.Licensing                                                                                                              :        1 samples, Peak.  2.71 s (1.0x), Avg.  2.71 s, Total. 2.706 s (0.1%)
[Performance] WinEditorMain.InitializeCrashHandler                                                                                                 :        1 samples, Peak.  21.3 ms (1.0x), Avg.  21.3 ms, Total. 21.30 ms (0.0%)
[Performance] WinEditorMain.CreateApplication                                                                                                      :        1 samples, Peak.  19.2 ms (1.0x), Avg.  19.2 ms, Total. 19.15 ms (0.0%)
[Performance] Application.InitializeProject                                                                                                        :        1 samples, Peak.  85.0 s (1.0x), Avg.  85.0 s, Total. 85.03 s (3.8%)
[Performance] Application.PackageManager.StartServer                                                                                               :        1 samples, Peak.   753 ms (1.0x), Avg.   753 ms, Total. 752.8 ms (0.0%)
[Performance] Application.AcquireProjectLock                                                                                                       :        1 samples, Peak.  2.45 ms (1.0x), Avg.  2.45 ms, Total. 2.454 ms (0.0%)
[Performance] Application.InitializeEngineNoGraphics                                                                                               :        1 samples, Peak.  47.8 ms (1.0x), Avg.  47.8 ms, Total. 47.81 ms (0.0%)
[Performance] Application.PackageManager.Initialize                                                                                                :        1 samples, Peak.   260 ms (1.0x), Avg.   260 ms, Total. 260.1 ms (0.0%)
[Performance] Connecting to Package Manager                                                                                                        :       27 samples, Peak.  51.4 us (15.8x), Avg.  3.26 us, Total. 88.00 us (0.0%)
[Performance] PackageManager::Api::RunRequestSynchronously                                                                                         :      611 samples, Peak.   778 us (119.3x), Avg.  6.52 us, Total. 3.985 ms (0.0%)
[Performance] Application.EngineGraphics.Initialize                                                                                                :        1 samples, Peak.   348 ms (1.0x), Avg.   348 ms, Total. 348.1 ms (0.0%)
[Performance] Application.GI.Initialize                                                                                                            :        1 samples, Peak.  40.1 ms (1.0x), Avg.  40.1 ms, Total. 40.11 ms (0.0%)
[Performance] Application.LoadAllDefaultResourcesFromEditor                                                                                        :        1 samples, Peak.  1.89 ms (1.0x), Avg.  1.89 ms, Total. 1.889 ms (0.0%)
[Performance] Application.LoadMonoAssemblies                                                                                                       :        1 samples, Peak.  5.01 s (1.0x), Avg.  5.01 s, Total. 5.013 s (0.2%)
[Performance] RestoreManagedReferences                                                                                                             :        3 samples, Peak.   420 ms (2.7x), Avg.   154 ms, Total. 463.1 ms (0.0%)
[Performance] InitializeOnLoad DrivenRectTransformUndo                                                                                             :        3 samples, Peak.   600 us (1.5x), Avg.   396 us, Total. 1.187 ms (0.0%)
[Performance] InitializeOnLoad SceneSearch                                                                                                         :        3 samples, Peak.   100 us (1.1x), Avg.  95.5 us, Total. 286.5 us (0.0%)
[Performance] InitializeOnLoad CloudBuild                                                                                                          :        3 samples, Peak.  3.20 us (1.1x), Avg.  2.97 us, Total. 8.900 us (0.0%)
[Performance] InitializeOnLoad NativeFormatImporterUtility                                                                                         :        3 samples, Peak.  2.25 ms (1.2x), Avg.  1.89 ms, Total. 5.657 ms (0.0%)
[Performance] InitializeOnLoad SearchService                                                                                                       :        3 samples, Peak.   103 us (1.1x), Avg.  91.2 us, Total. 273.6 us (0.0%)
[Performance] InitializeOnLoad SettingsService                                                                                                     :        3 samples, Peak.  7.80 us (1.2x), Avg.  6.57 us, Total. 19.70 us (0.0%)
[Performance] InitializeOnLoad WindowLayout                                                                                                        :        3 samples, Peak.   705 us (1.2x), Avg.   582 us, Total. 1.746 ms (0.0%)
[Performance] InitializeOnLoad AssetStoreContext                                                                                                   :        3 samples, Peak.  22.1 ms (1.1x), Avg.  19.4 ms, Total. 58.24 ms (0.0%)
[Performance] InitializeOnLoad PoolManager                                                                                                         :        3 samples, Peak.   585 us (1.2x), Avg.   469 us, Total. 1.408 ms (0.0%)
[Performance] InitializeOnLoad MixerEffectDefinitionReloader                                                                                       :        3 samples, Peak.  1.91 ms (1.3x), Avg.  1.53 ms, Total. 4.581 ms (0.0%)
[Performance] InitializeOnLoad ProjectSearch                                                                                                       :        3 samples, Peak.  62.8 us (1.2x), Avg.  52.8 us, Total. 158.3 us (0.0%)
[Performance] InitializeOnLoad UISystemProfilerRenderService                                                                                       :        3 samples, Peak.  6.50 us (1.1x), Avg.  6.17 us, Total. 18.50 us (0.0%)
[Performance] InitializeOnLoad EditMode                                                                                                            :        3 samples, Peak.   299 us (1.1x), Avg.   277 us, Total. 829.9 us (0.0%)
[Performance] InitializeOnLoad UnityConnect                                                                                                        :        3 samples, Peak.  35.8 us (1.0x), Avg.  34.3 us, Total. 103.0 us (0.0%)
[Performance] InitializeOnLoad ManagedDebugger                                                                                                     :        3 samples, Peak.   422 us (2.2x), Avg.   192 us, Total. 577.3 us (0.0%)
[Performance] InitializeOnLoad ShortcutIntegration                                                                                                 :        3 samples, Peak.  44.2 us (1.2x), Avg.  37.9 us, Total. 113.6 us (0.0%)
[Performance] InitializeOnLoad AddComponentWindow                                                                                                  :        3 samples, Peak.  73.2 us (1.0x), Avg.  72.1 us, Total. 216.2 us (0.0%)
[Performance] InitializeOnLoad ManagedDebuggerWindow                                                                                               :        3 samples, Peak.  87.9 us (1.1x), Avg.  78.8 us, Total. 236.4 us (0.0%)
[Performance] InitializeOnLoad CacheServerWindow                                                                                                   :        3 samples, Peak.  6.90 us (1.1x), Avg.  6.17 us, Total. 18.50 us (0.0%)
[Performance] InitializeOnLoad PlayModeDownload                                                                                                    :        3 samples, Peak.  5.68 ms (2.8x), Avg.  2.01 ms, Total. 6.044 ms (0.0%)
[Performance] InitializeOnLoad MenuItems                                                                                                           :        3 samples, Peak.  79.0 us (1.3x), Avg.  61.7 us, Total. 185.0 us (0.0%)
[Performance] InitializeOnLoad PrefabInstanceChangedListener                                                                                       :        3 samples, Peak.  99.7 us (1.1x), Avg.  90.0 us, Total. 270.1 us (0.0%)
[Performance] InitializeOnLoad ObjectSelectorSearch                                                                                                :        3 samples, Peak.  30.7 us (1.1x), Avg.  27.3 us, Total. 82.00 us (0.0%)
[Performance] InitializeOnLoad EditorMonitor                                                                                                       :        3 samples, Peak.   499 us (1.2x), Avg.   425 us, Total. 1.275 ms (0.0%)
[Performance] InitializeOnLoad RetainedMode                                                                                                        :        3 samples, Peak.  1.60 ms (1.0x), Avg.  1.56 ms, Total. 4.681 ms (0.0%)
[Performance] InitializeOnLoad EditorShaderLoader                                                                                                  :        3 samples, Peak.   529 us (1.2x), Avg.   425 us, Total. 1.274 ms (0.0%)
[Performance] InitializeOnLoad EditorDelegateRegistration                                                                                          :        3 samples, Peak.   351 us (1.1x), Avg.   333 us, Total. 999.2 us (0.0%)
[Performance] InitializeOnLoad UIDocumentHierarchyWatcher                                                                                          :        3 samples, Peak.  56.6 us (1.1x), Avg.  49.2 us, Total. 147.7 us (0.0%)
[Performance] InitializeOnLoad LiveReloadTrackerCreator                                                                                            :        3 samples, Peak.   153 us (1.1x), Avg.   133 us, Total. 398.9 us (0.0%)
[Performance] InitializeOnLoad UxmlObjectEditorFactories                                                                                           :        3 samples, Peak.   390 us (1.1x), Avg.   348 us, Total. 1.044 ms (0.0%)
[Performance] InitializeOnLoad UXMLEditorFactories                                                                                                 :        3 samples, Peak.  47.4 ms (1.1x), Avg.  42.7 ms, Total. 128.1 ms (0.0%)
[Performance] InitializeOnLoad PurchasingService                                                                                                   :        3 samples, Peak.  6.07 ms (1.1x), Avg.  5.75 ms, Total. 17.24 ms (0.0%)
[Performance] InitializeOnLoad CloudBuildPoller                                                                                                    :        3 samples, Peak.   132 us (1.3x), Avg.   102 us, Total. 305.7 us (0.0%)
[Performance] InitializeOnLoad EditorGameServicesAnalytics                                                                                         :        3 samples, Peak.  2.53 ms (2.4x), Avg.  1.04 ms, Total. 3.112 ms (0.0%)
[Performance] InitializeOnLoad AnalyticsService                                                                                                    :        3 samples, Peak.   146 us (1.0x), Avg.   140 us, Total. 421.4 us (0.0%)
[Performance] InitializeOnLoad BuildService                                                                                                        :        3 samples, Peak.   102 us (1.0x), Avg.   101 us, Total. 302.4 us (0.0%)
[Performance] InitializeOnLoad AdsService                                                                                                          :        3 samples, Peak.   275 us (1.0x), Avg.   268 us, Total. 804.4 us (0.0%)
[Performance] InitializeOnLoad UDPService                                                                                                          :        3 samples, Peak.   124 us (1.1x), Avg.   109 us, Total. 327.4 us (0.0%)
[Performance] InitializeOnLoad CrashService                                                                                                        :        3 samples, Peak.  99.6 us (1.0x), Avg.  96.3 us, Total. 288.8 us (0.0%)
[Performance] InitializeOnLoad ServicesRepository                                                                                                  :        3 samples, Peak.   400 ns (1.3x), Avg.   300 ns, Total. 900.0 ns (0.0%)
[Performance] InitializeOnLoad SearchWindow                                                                                                        :        3 samples, Peak.   143 us (1.3x), Avg.   110 us, Total. 330.5 us (0.0%)
[Performance] InitializeOnLoad CustomIndexers                                                                                                      :        3 samples, Peak.  17.0 ms (1.3x), Avg.  13.0 ms, Total. 39.13 ms (0.0%)
[Performance] VersionControl.Task.Wait                                                                                                             :        1 samples, Peak.  8.70 us (1.0x), Avg.  8.70 us, Total. 8.700 us (0.0%)
[Performance] InitializeOnLoad SearchMonitor                                                                                                       :        3 samples, Peak.   718 us (1.0x), Avg.   684 us, Total. 2.052 ms (0.0%)
[Performance] InitializeOnLoad ParameterControllerEditor                                                                                           :        3 samples, Peak.  16.0 us (1.2x), Avg.  13.8 us, Total. 41.30 us (0.0%)
[Performance] InitializeOnLoad LayerSettingsWindow                                                                                                 :        3 samples, Peak.  24.9 us (1.6x), Avg.  15.6 us, Total. 46.90 us (0.0%)
[Performance] InitializeOnLoad PackageManagerHookGUIDConverter.RegisterPackagesEventHandler                                                        :        3 samples, Peak.   572 us (2.2x), Avg.   264 us, Total. 791.9 us (0.0%)
[Performance] InitializeOnLoad EditorDragAndDrop.RegisterEditorClient                                                                              :        3 samples, Peak.   303 us (1.5x), Avg.   202 us, Total. 605.0 us (0.0%)
[Performance] InitializeOnLoad EditorEventCallbacks.InitializeFontAssetResourceChangeCallBacks                                                     :        3 samples, Peak.  1.25 ms (1.4x), Avg.   921 us, Total. 2.763 ms (0.0%)
[Performance] InitializeOnLoad SceneTemplateService.Init                                                                                           :        3 samples, Peak.  1.48 ms (1.5x), Avg.  1.02 ms, Total. 3.052 ms (0.0%)
[Performance] InitializeOnLoad DiagnosticSwitchesConsoleMessage.Init                                                                               :        3 samples, Peak.  4.46 ms (1.4x), Avg.  3.15 ms, Total. 9.441 ms (0.0%)
[Performance] InitializeOnLoad MemoryProfilerCompilationGuard.InjectCompileGuard                                                                   :        3 samples, Peak.   130 us (1.4x), Avg.  92.7 us, Total. 278.2 us (0.0%)
[Performance] InitializeOnLoad EditorWindow.Initialize                                                                                             :        3 samples, Peak.   285 us (1.4x), Avg.   208 us, Total. 624.3 us (0.0%)
[Performance] InitializeOnLoad AssetPostprocessingInternal.RefreshCustomDependencies                                                               :        3 samples, Peak.  2.43 ms (1.1x), Avg.  2.12 ms, Total. 6.353 ms (0.0%)
[Performance] InitializeOnLoad SysrootManager.Initialize                                                                                           :        3 samples, Peak.  13.5 us (1.3x), Avg.  10.5 us, Total. 31.60 us (0.0%)
[Performance] InitializeOnLoad PackageManagerWindow.EditorInitializedInSafeMode                                                                    :        3 samples, Peak.  29.9 ms (3.0x), Avg.  10.1 ms, Total. 30.19 ms (0.0%)
[Performance] InitializeOnLoad ToolShortcutContext.Init                                                                                            :        3 samples, Peak.   142 us (1.3x), Avg.   112 us, Total. 334.6 us (0.0%)
[Performance] InitializeOnLoad SceneVisibilityManager.Initialize                                                                                   :        3 samples, Peak.  3.84 ms (2.1x), Avg.  1.81 ms, Total. 5.432 ms (0.0%)
[Performance] InitializeOnLoad ScopedRegistryAddedPopup.SubscribeToRegistriesAdded                                                                 :        3 samples, Peak.  6.41 ms (1.6x), Avg.  4.03 ms, Total. 12.08 ms (0.0%)
[Performance] AssemblyReloadEvents.afterAssemblyReload: UnityEditor.SceneTemplate.SceneTemplateService.AfterAssemblyReload                         :        3 samples, Peak.  2.62 ms (1.5x), Avg.  1.74 ms, Total. 5.216 ms (0.0%)
[Performance] ProcessService.EditorAfterLoadAllAssemblies                                                                                          :        3 samples, Peak.   270 us (1.1x), Avg.   248 us, Total. 744.2 us (0.0%)
[Performance] Application.ReadLicenseInfo                                                                                                          :        1 samples, Peak.  14.2 ms (1.0x), Avg.  14.2 ms, Total. 14.25 ms (0.0%)
[Performance] Application.InitialRefresh                                                                                                           :        1 samples, Peak.  38.6 s (1.0x), Avg.  38.6 s, Total. 38.61 s (1.7%)
[Performance] Compiling Scripts                                                                                                                    :        1 samples, Peak.  9.34 s (1.0x), Avg.  9.34 s, Total. 9.338 s (0.4%)
[Performance] AssemblyReloadEvents.beforeAssemblyReload: UnityEditor.SceneTemplate.SceneTemplateService.BeforeAssemblyReload                       :        2 samples, Peak.   386 us (1.1x), Avg.   351 us, Total. 701.3 us (0.0%)
[Performance] InitializeOnLoad S14SlashWysiwygCapture                                                                                              :        2 samples, Peak.   236 us (1.0x), Avg.   231 us, Total. 462.2 us (0.0%)
[Performance] InitializeOnLoad BurstLoader                                                                                                         :        2 samples, Peak.  1.39 s (2.0x), Avg.   699 ms, Total. 1.399 s (0.1%)
[Performance] InitializeOnLoad ShadowCasterGroup2DManager                                                                                          :        2 samples, Peak.   110 us (1.4x), Avg.  78.8 us, Total. 157.5 us (0.0%)
[Performance] InitializeOnLoad ProbeGIBaking                                                                                                       :        2 samples, Peak.  2.14 ms (1.1x), Avg.  1.88 ms, Total. 3.765 ms (0.0%)
[Performance] InitializeOnLoad FilterWindow                                                                                                        :        2 samples, Peak.  50.6 us (1.4x), Avg.  37.0 us, Total. 74.00 us (0.0%)
[Performance] InitializeOnLoad RealtimeProbeSubdivisionDebug                                                                                       :        2 samples, Peak.   148 us (1.2x), Avg.   127 us, Total. 253.2 us (0.0%)
[Performance] InitializeOnLoad NodeClassCache                                                                                                      :        2 samples, Peak.  5.10 us (1.2x), Avg.  4.20 us, Total. 8.400 us (0.0%)
[Performance] InitializeOnLoad ShaderGraphMaterialsUpdater                                                                                         :        4 samples, Peak.   292 us (1.6x), Avg.   181 us, Total. 722.4 us (0.0%)
[Performance] InitializeOnLoad PrefabLayoutRebuilder                                                                                               :        2 samples, Peak.   166 us (1.1x), Avg.   153 us, Total. 306.8 us (0.0%)
[Performance] InitializeOnLoad SpriteEditorWindow                                                                                                  :        2 samples, Peak.   380 us (1.1x), Avg.   331 us, Total. 661.9 us (0.0%)
[Performance] InitializeOnLoad BackgroundWatcher                                                                                                   :        2 samples, Peak.   109 us (1.0x), Avg.   104 us, Total. 208.1 us (0.0%)
[Performance] InitializeOnLoad UnityTestProtocolStarter                                                                                            :        2 samples, Peak.   535 us (1.6x), Avg.   332 us, Total. 664.5 us (0.0%)
[Performance] InitializeOnLoad TestStarter                                                                                                         :        2 samples, Peak.  6.23 ms (1.7x), Avg.  3.69 ms, Total. 7.372 ms (0.0%)
[Performance] InitializeOnLoad RerunCallbackInitializer                                                                                            :        2 samples, Peak.  1.57 ms (1.7x), Avg.   934 us, Total. 1.869 ms (0.0%)
[Performance] InitializeOnLoad Renderer2DAnalytics                                                                                                 :        2 samples, Peak.   126 us (1.3x), Avg.  96.1 us, Total. 192.1 us (0.0%)
[Performance] InitializeOnLoad EditorToolManager                                                                                                   :        2 samples, Peak.  1.94 ms (1.1x), Avg.  1.76 ms, Total. 3.514 ms (0.0%)
[Performance] InitializeOnLoad MaterialReimporter.RegisterUpgraderReimport                                                                         :        4 samples, Peak.   834 us (2.1x), Avg.   393 us, Total. 1.572 ms (0.0%)
[Performance] InitializeOnLoad SysrootPackage.IssueWarningIfLinuxIL2CPPNotPresent                                                                  :        2 samples, Peak.   365 us (1.4x), Avg.   268 us, Total. 536.7 us (0.0%)
[Performance] InitializeOnLoad TestJobDataHolder.ResumeRunningJobs                                                                                 :        2 samples, Peak.  2.10 ms (1.5x), Avg.  1.39 ms, Total. 2.786 ms (0.0%)
[Performance] InitializeOnLoad AnalyticsReporter.RegisterCallbacks                                                                                 :        2 samples, Peak.   194 us (1.0x), Avg.   192 us, Total. 383.1 us (0.0%)
[Performance] InitializeOnLoad DebugManagerWindowLifetimeAnalytic.SubscribeToDebugManagerOpenCloseWindows                                          :        2 samples, Peak.   777 us (1.3x), Avg.   620 us, Total. 1.240 ms (0.0%)
[Performance] InitializeOnLoad CoreRenderPipelinePreferences.InitPreferenceProviders                                                               :        2 samples, Peak.  47.4 ms (1.2x), Avg.  40.3 ms, Total. 80.70 ms (0.0%)
[Performance] InitializeOnLoad VolumeGizmoDrawer.InitVolumeGizmoCallbacks                                                                          :        2 samples, Peak.   474 us (1.3x), Avg.   369 us, Total. 738.2 us (0.0%)
[Performance] DidReloadScriptsTestRunnerWindow.CompilationCallback                                                                                 :        2 samples, Peak.   895 us (1.2x), Avg.   761 us, Total. 1.522 ms (0.0%)
[Performance] DidReloadScriptsTestListCache.ScriptReloaded                                                                                         :        2 samples, Peak.  1.24 ms (1.9x), Avg.   667 us, Total. 1.335 ms (0.0%)
[Performance] DidReloadScriptsLookDev.OnEditorReload                                                                                               :        2 samples, Peak.   239 us (1.0x), Avg.   229 us, Total. 457.2 us (0.0%)
[Performance] DidReloadScriptsDebugWindow.OnEditorReload                                                                                           :        2 samples, Peak.  58.3 ms (1.8x), Avg.  32.3 ms, Total. 64.67 ms (0.0%)
[Performance] DidReloadScriptsVolumeComponentEditor.OnEditorReload                                                                                 :        2 samples, Peak.  24.2 ms (1.3x), Avg.  18.9 ms, Total. 37.70 ms (0.0%)
[Performance] DidReloadScriptsAdvancedDropdownWindow.OnScriptReload                                                                                :        2 samples, Peak.   257 us (1.1x), Avg.   242 us, Total. 484.8 us (0.0%)
[Performance] UniversalRenderPipelineGlobalSettingsPostprocessor.OnPostprocessAllAssets                                                            :        8 samples, Peak.  7.34 ms (3.7x), Avg.  1.97 ms, Total. 15.74 ms (0.0%)
[Performance] SyncVS.PostprocessSyncProject                                                                                                        :        4 samples, Peak.  1.47 ms (2.3x), Avg.   636 us, Total. 2.544 ms (0.0%)
[Performance] Application.ImportPackagesAndSetTemplateWhenCreatingProject                                                                          :        1 samples, Peak.  11.9 ms (1.0x), Avg.  11.9 ms, Total. 11.94 ms (0.0%)
[Performance] Application.SyncCurrentColorSpace                                                                                                    :        1 samples, Peak.  1.09 s (1.0x), Avg.  1.09 s, Total. 1.087 s (0.0%)
[Performance] Application.OnUsbDevicesChanged                                                                                                      :        1 samples, Peak.  7.62 ms (1.0x), Avg.  7.62 ms, Total. 7.623 ms (0.0%)
[Performance] Application.AssetInstanceCacheUpdate                                                                                                 :        1 samples, Peak.   500 ns (1.0x), Avg.   500 ns, Total. 500.0 ns (0.0%)
[Performance] Application.UnityExtensions.Initialize                                                                                               :        1 samples, Peak.  2.75 ms (1.0x), Avg.  2.75 ms, Total. 2.748 ms (0.0%)
[Performance] CodeEditorProjectSync.SyncEditorProject                                                                                              :        1 samples, Peak.   136 us (1.0x), Avg.   136 us, Total. 136.2 us (0.0%)
[Performance] Application.ExecuteStartups                                                                                                          :        1 samples, Peak.  97.5 ms (1.0x), Avg.  97.5 ms, Total. 97.53 ms (0.0%)
[Performance] Menu.RegisterMenuInterface                                                                                                           :       26 samples, Peak.  1.20 us (8.2x), Avg.   146 ns, Total. 3.800 us (0.0%)
[Performance] Gizmo.RebuildRenderers                                                                                                               :        3 samples, Peak.  96.6 ms (2.2x), Avg.  43.7 ms, Total. 131.2 ms (0.0%)
[Performance] Gizmo.AddGizmoRenderers                                                                                                              :      183 samples, Peak.  1.21 ms (58.1x), Avg.  20.8 us, Total. 3.814 ms (0.0%)
[Performance] Application.editorInitializingProject                                                                                                :        1 samples, Peak.  15.1 us (1.0x), Avg.  15.1 us, Total. 15.10 us (0.0%)
[Performance] Application.FinishLoadingProject                                                                                                     :        1 samples, Peak.   316 ms (1.0x), Avg.   316 ms, Total. 315.8 ms (0.0%)
[Performance] Application.InitializeMenu                                                                                                           :        1 samples, Peak.   120 ms (1.0x), Avg.   120 ms, Total. 120.0 ms (0.0%)
[Performance] Menu.RebuildAll                                                                                                                      :        1 samples, Peak.   120 ms (1.0x), Avg.   120 ms, Total. 120.0 ms (0.0%)
[Performance] Menu.BuildRegisteredMenuInterfaces                                                                                                   :        1 samples, Peak.   118 ms (1.0x), Avg.   118 ms, Total. 117.9 ms (0.0%)
[Performance] Menu.FilterMenuItem                                                                                                                  :      758 samples, Peak.  97.4 ms (755.5x), Avg.   129 us, Total. 97.70 ms (0.0%)
[Performance] UpdateAllMenus                                                                                                                       :        1 samples, Peak.   605 us (1.0x), Avg.   605 us, Total. 605.2 us (0.0%)
[Performance] Menu.RebuildOSMainMenu                                                                                                               :        2 samples, Peak.  12.4 ms (1.8x), Avg.  6.89 ms, Total. 13.78 ms (0.0%)
[Performance] EditorSceneManager.sceneClosing: UnityEditor.SceneVisibilityManager.EditorSceneManagerOnSceneClosing                                 :        3 samples, Peak.   578 us (2.2x), Avg.   258 us, Total. 774.6 us (0.0%)
[Performance] GUIView.RepaintAll.PlayerLoopController                                                                                              : 117582391 samples, Peak.   340 us (6419.5x), Avg.  52.9 ns, Total. 6.218 s (0.3%)
[Performance] EditorSceneManager.newSceneCreated: UnityEditor.SceneTemplate.SceneTemplateService.OnNewSceneCreated                                 :        2 samples, Peak.   200 us (2.0x), Avg.   101 us, Total. 201.8 us (0.0%)
[Performance] EditorSceneManager.newSceneCreated: UnityEditor.SceneVisibilityManager.EditorSceneManagerOnNewSceneCreated                           :        2 samples, Peak.   161 us (1.9x), Avg.  83.7 us, Total. 167.4 us (0.0%)
[Performance] EditorSceneManager.newSceneCreated: UnityEditor.SceneManagement.StageNavigationManager.OnNewSceneCreated                             :        2 samples, Peak.  49.6 us (2.0x), Avg.  25.3 us, Total. 50.50 us (0.0%)
[Performance] Application.InvokeFinishedLoadingProject                                                                                             :        1 samples, Peak.   152 ms (1.0x), Avg.   152 ms, Total. 151.8 ms (0.0%)
[Performance] ProcessService.OnProjectLoaded                                                                                                       :        1 samples, Peak.  59.6 us (1.0x), Avg.  59.6 us, Total. 59.60 us (0.0%)
[Performance] Application.InvokeProjectWasLoaded                                                                                                   :        1 samples, Peak.   115 us (1.0x), Avg.   115 us, Total. 115.2 us (0.0%)
[Performance] Application.Message                                                                                                                  : 117582391 samples, Peak.  1.57 ms (28039.6x), Avg.  55.9 ns, Total. 6.570 s (0.3%)
[Performance] Application.Message.Timer                                                                                                            :     4176 samples, Peak.   535 us (12.6x), Avg.  42.4 us, Total. 177.0 ms (0.0%)
[Performance] Application.Message.WM_0031F                                                                                                         :        1 samples, Peak.  6.50 us (1.0x), Avg.  6.50 us, Total. 6.500 us (0.0%)
[Performance] Application.Tick                                                                                                                     : 117582390 samples, Peak.  1.26 s (95138.5x), Avg.  13.3 us, Total. 1.563 ks (70.1%)
[Performance] CheckLicensingClient                                                                                                                 :      419 samples, Peak.  49.7 us (4.4x), Avg.  11.2 us, Total. 4.693 ms (0.0%)
[Performance] CheckLicensingClientNotification                                                                                                     :      419 samples, Peak.  43.2 us (3.1x), Avg.  13.7 us, Total. 5.750 ms (0.0%)
[Performance] LicenseActivated.Tick                                                                                                                :        1 samples, Peak.  20.1 ms (1.0x), Avg.  20.1 ms, Total. 20.05 ms (0.0%)
[Performance] Application.TickVersionControl                                                                                                       : 117582391 samples, Peak.  5.54 ms (67175.5x), Avg.  82.4 ns, Total. 9.691 s (0.4%)
[Performance] MonoCompiler.Tick                                                                                                                    :    10240 samples, Peak.   316 us (38.0x), Avg.  8.31 us, Total. 85.07 ms (0.0%)
[Performance] UnityConnect.Tick                                                                                                                    :        4 samples, Peak.  4.92 ms (3.9x), Avg.  1.26 ms, Total. 5.024 ms (0.0%)
[Performance] UnityVersionControl.Tick                                                                                                             :        4 samples, Peak.  1.10 us (2.9x), Avg.   375 ns, Total. 1.500 us (0.0%)
[Performance] CurlRequest.Tick                                                                                                                     :    20157 samples, Peak.  2.60 ms (2695.6x), Avg.   965 ns, Total. 19.45 ms (0.0%)
[Performance] HubClient.Tick                                                                                                                       :    20157 samples, Peak.  18.1 us (187.8x), Avg.  96.4 ns, Total. 1.943 ms (0.0%)
[Performance] AssetDatabase.Tick                                                                                                                   :    20157 samples, Peak.  68.3 us (304.0x), Avg.   225 ns, Total. 4.528 ms (0.0%)
[Performance] SceneBackgroundTask.Tick                                                                                                             :    13696 samples, Peak.  3.50 us (24.9x), Avg.   140 ns, Total. 1.923 ms (0.0%)
[Performance] Scheduler.Tick                                                                                                                       :   194939 samples, Peak.  4.68 ms (1308.0x), Avg.  3.58 us, Total. 697.8 ms (0.0%)
[Performance] RepaintAllProfilerWindows                                                                                                            :     4136 samples, Peak.   232 us (163.2x), Avg.  1.42 us, Total. 5.891 ms (0.0%)
[Performance] PlayerUpdates.Tick                                                                                                                   :    40049 samples, Peak.  2.76 ms (215.1x), Avg.  12.8 us, Total. 514.2 ms (0.0%)
[Performance] Application.TickGlobalCallbacks                                                                                                      : 117582391 samples, Peak.  49.7 ms (13183.7x), Avg.  3.77 us, Total. 443.6 s (19.9%)
[Performance] CoreBusinessMetrics.Tick                                                                                                             :        1 samples, Peak.  52.5 us (1.0x), Avg.  52.5 us, Total. 52.50 us (0.0%)
[Performance] EditorAnalytics.Tick                                                                                                                 :     8187 samples, Peak.  21.0 us (96.8x), Avg.   217 ns, Total. 1.777 ms (0.0%)
[Performance] GI.Tick                                                                                                                              :        4 samples, Peak.   967 us (1.9x), Avg.   517 us, Total. 2.067 ms (0.0%)
[Performance] Video.Update                                                                                                                         : 117582391 samples, Peak.  1.95 ms (24948.6x), Avg.  78.0 ns, Total. 9.176 s (0.4%)
[Performance] UnitySynchronization.ExecuteTasks                                                                                                    :        4 samples, Peak.  3.60 us (1.4x), Avg.  2.63 us, Total. 10.50 us (0.0%)
[Performance] Application.TickPreloadManager                                                                                                       :        5 samples, Peak.  5.30 us (1.4x), Avg.  3.74 us, Total. 18.70 us (0.0%)
[Performance] Application.TickProgress                                                                                                             : 117582391 samples, Peak.  6.79 ms (99451.1x), Avg.  68.3 ns, Total. 8.028 s (0.4%)
[Performance] Application.TickSceneTracker                                                                                                         : 117582391 samples, Peak.   253 ms (131347.2x), Avg.  1.92 us, Total. 226.3 s (10.2%)
[Performance] EditorApplication.update                                                                                                             : 117582391 samples, Peak.   253 ms (181184.1x), Avg.  1.40 us, Total. 164.1 s (7.4%)
[Performance] EditorApplication.update: UnityEngine.Rendering.ProbeSubdivisionContext+RealtimeProbeSubdivisionDebug.UpdateRealtimeSubdivisionDebug : 117582391 samples, Peak.  2.36 ms (23675.4x), Avg.  99.5 ns, Total. 11.70 s (0.5%)
[Performance] EditorApplication.update: UnityEditor.TestTools.TestRunner.CommandLineTest.TestStarter.UpdateWatch                                   :        1 samples, Peak.  16.1 ms (1.0x), Avg.  16.1 ms, Total. 16.11 ms (0.0%)
[Performance] EditorApplication.update: callback in UnityEditor.Rendering.Universal.MaterialReimporter                                             : 117582391 samples, Peak.  6.48 ms (29571.4x), Avg.   219 ns, Total. 25.76 s (1.2%)
[Performance] EditorApplication.update: UnityEditor.PackageManager.UI.Internal.ApplicationProxy.OnUpdate                                           : 117582391 samples, Peak.  2.45 ms (13698.8x), Avg.   179 ns, Total. 20.99 s (0.9%)
[Performance] EditorApplication.update: UnityEditor.SceneManagement.StageNavigationManager.Update                                                  : 117582391 samples, Peak.  2.20 ms (21456.5x), Avg.   103 ns, Total. 12.07 s (0.5%)
[Performance] ConsoleLog.Tick                                                                                                                      :    10240 samples, Peak.   377 us (355.7x), Avg.  1.06 us, Total. 10.85 ms (0.0%)
[Performance] HierarchyWindow.Tick                                                                                                                 :    13695 samples, Peak.  4.89 ms (361.9x), Avg.  13.5 us, Total. 184.9 ms (0.0%)
[Performance] EditorApplication.hierarchyChanged: Unity.UIElements.Editor.UIDocumentHierarchyWatcher.OnHierarchyChanged                            :     1436 samples, Peak.   310 us (249.0x), Avg.  1.24 us, Total. 1.785 ms (0.0%)
[Performance] Inspector.Tick                                                                                                                       :    13695 samples, Peak.  23.9 ms (5474.7x), Avg.  4.37 us, Total. 59.84 ms (0.0%)
[Performance] EditorApplication.delayCall: UnityEditor.ShortcutManagement.ShortcutIntegration.EnsureShortcutsAreInitialized                        :        2 samples, Peak.  22.5 ms (1.0x), Avg.  21.8 ms, Total. 43.63 ms (0.0%)
[Performance] EditorApplication.delayCall: callback in UnityEditor.EditorWindow                                                                    :        2 samples, Peak.  1.09 ms (1.0x), Avg.  1.08 ms, Total. 2.157 ms (0.0%)
[Performance] EditorApplication.delayCall: callback in UnityEditor.EditorTools.ToolShortcutContext                                                 :        2 samples, Peak.   212 us (1.3x), Avg.   158 us, Total. 316.5 us (0.0%)
[Performance] EditorApplication.delayCall: callback in UnityEditor.SceneVisibilityManager                                                          :        2 samples, Peak.  33.4 us (1.0x), Avg.  32.6 us, Total. 65.20 us (0.0%)
[Performance] Tooltip.Tick                                                                                                                         :    40047 samples, Peak.   117 us (220.8x), Avg.   532 ns, Total. 21.30 ms (0.0%)
[Performance] Application.RequestRepaintForPanels                                                                                                  : 117582391 samples, Peak.  2.52 ms (8715.5x), Avg.   290 ns, Total. 34.06 s (1.5%)
[Performance] Application.UpdateScene                                                                                                              : 117582390 samples, Peak.  1.26 s (335008.9x), Avg.  3.78 us, Total. 444.0 s (19.9%)
[Performance] Application.UpdateTextureStreaming                                                                                                   :        5 samples, Peak.   900 ns (2.1x), Avg.   420 ns, Total. 2.100 us (0.0%)
[Performance] Application.UpdateVideoTextures                                                                                                      :        5 samples, Peak.   300 ns (2.1x), Avg.   140 ns, Total. 700.0 ns (0.0%)
[Performance] PackageImporter.Tick                                                                                                                 :    10240 samples, Peak.  43.8 us (195.9x), Avg.   224 ns, Total. 2.290 ms (0.0%)
[Performance] InspectorBackground.Tick                                                                                                             :    13696 samples, Peak.  19.3 us (82.6x), Avg.   234 ns, Total. 3.199 ms (0.0%)
[Performance] BurstDebug.Tick                                                                                                                      :     4136 samples, Peak.  25.5 us (44.3x), Avg.   576 ns, Total. 2.383 ms (0.0%)
[Performance] Application.ChangeLayoutIfNeeded                                                                                                     : 117582390 samples, Peak.   351 us (8858.2x), Avg.  39.6 ns, Total. 4.655 s (0.2%)
[Performance] AsyncReadManager.ForceCloseFiles                                                                                                     :     2078 samples, Peak.  32.2 us (27.3x), Avg.  1.18 us, Total. 2.452 ms (0.0%)
[Performance] EditorApplication.update: UnityEditor.TestTools.TestRunner.TestRun.TestJobRunner.ExecuteStep                                         :        6 samples, Peak.   253 ms (6.0x), Avg.  42.4 ms, Total. 254.1 ms (0.0%)
[Performance] GUIView.RepaintAll.RepaintScene                                                                                                      :        2 samples, Peak.   600 ns (1.2x), Avg.   500 ns, Total. 1000.0 ns (0.0%)
[Performance] Application.Idle                                                                                                                     :        1 samples, Peak.  1.94 ms (1.0x), Avg.  1.94 ms, Total. 1.937 ms (0.0%)
[Performance] BuilderAssetModificationProcessor.OnWillSaveAssets                                                                                   :        3 samples, Peak.   517 us (2.1x), Avg.   242 us, Total. 726.6 us (0.0%)
[Performance] TerrainModificationProcessor.OnWillSaveAssets                                                                                        :        3 samples, Peak.  1.37 ms (2.1x), Avg.   658 us, Total. 1.973 ms (0.0%)
[Performance] AssetDatabase.ImportAssets                                                                                                           :        6 samples, Peak.  3.10 us (3.3x), Avg.   933 ns, Total. 5.600 us (0.0%)
[Performance] EditorSceneManager.sceneSaving: UnityEditor.SceneTemplate.SceneTemplateService.OnSceneSaving                                         :        1 samples, Peak.   220 us (1.0x), Avg.   220 us, Total. 219.8 us (0.0%)
[Performance] EditorSceneManager.sceneSaving: UnityEditor.SceneVisibilityManager.EditorSceneManagerOnSceneSaving                                   :        1 samples, Peak.  87.1 us (1.0x), Avg.  87.1 us, Total. 87.10 us (0.0%)
[Performance] MaterialModificationProcessor.OnWillCreateAsset                                                                                      :        4 samples, Peak.   226 us (2.3x), Avg.  99.3 us, Total. 397.3 us (0.0%)
[Performance] BuilderAssetModificationProcessor.OnWillCreateAsset                                                                                  :        2 samples, Peak.   185 us (1.9x), Avg.  96.4 us, Total. 192.8 us (0.0%)
[Performance] AssetDatabase.ImportAsset                                                                                                            :        1 samples, Peak.  94.7 ms (1.0x), Avg.  94.7 ms, Total. 94.74 ms (0.0%)
[Performance] ShaderImporter.SourceAssetModified                                                                                                   :        2 samples, Peak.   500 ns (1.0x), Avg.   500 ns, Total. 1.000 us (0.0%)
[Performance] ShaderIncludeImporter.SourceAssetModified                                                                                            :        2 samples, Peak.  11.8 us (1.9x), Avg.  6.15 us, Total. 12.30 us (0.0%)
[Performance] PresetManagerPostProcessor.OnPreprocessAsset                                                                                         :        1 samples, Peak.   203 us (1.0x), Avg.   203 us, Total. 203.4 us (0.0%)
[Performance] CancelSplashScreenOnAssetChange.OnPreprocessAsset                                                                                    :        1 samples, Peak.   113 us (1.0x), Avg.   113 us, Total. 112.9 us (0.0%)
[Performance] ShaderGraphAssetPostProcessor.OnPreprocessAsset                                                                                      :        1 samples, Peak.   128 us (1.0x), Avg.   128 us, Total. 128.1 us (0.0%)
[Performance] BuilderAssetPostprocessor.OnPostprocessAllAssets                                                                                     :        4 samples, Peak.  2.34 ms (1.4x), Avg.  1.68 ms, Total. 6.704 ms (0.0%)
[Performance] ArtifactBrowserPostProcessor.OnPostprocessAllAssets                                                                                  :        4 samples, Peak.  5.07 ms (1.9x), Avg.  2.74 ms, Total. 10.95 ms (0.0%)
[Performance] AssetEvents.OnPostprocessAllAssets                                                                                                   :        8 samples, Peak.   840 us (2.2x), Avg.   383 us, Total. 3.061 ms (0.0%)
[Performance] AudioMixerPostprocessor.OnPostprocessAllAssets                                                                                       :        4 samples, Peak.  1.58 ms (1.7x), Avg.   913 us, Total. 3.652 ms (0.0%)
[Performance] StyleCatalogPostProcessor.OnPostprocessAllAssets                                                                                     :        4 samples, Peak.  37.9 ms (1.3x), Avg.  30.3 ms, Total. 121.1 ms (0.0%)
[Performance] BuildCatalog                                                                                                                         :        2 samples, Peak.  31.5 ms (1.2x), Avg.  26.7 ms, Total. 53.32 ms (0.0%)
[Performance] ModelImporterPostProcessor.OnPostprocessAllAssets                                                                                    :        4 samples, Peak.  4.51 ms (1.7x), Avg.  2.63 ms, Total. 10.53 ms (0.0%)
[Performance] MaterialPostprocessor.OnPostprocessAllAssets                                                                                         :        8 samples, Peak.  3.31 ms (2.0x), Avg.  1.64 ms, Total. 13.10 ms (0.0%)
[Performance] RetainedModeAssetPostprocessor.OnPostprocessAllAssets                                                                                :        4 samples, Peak.  24.9 ms (1.9x), Avg.  13.2 ms, Total. 52.85 ms (0.0%)
[Performance] AssetChangedListener.OnPostprocessAllAssets                                                                                          :        4 samples, Peak.  8.83 ms (1.8x), Avg.  5.01 ms, Total. 20.05 ms (0.0%)
[Performance] PostProcessor.OnPostprocessAllAssets                                                                                                 :        4 samples, Peak.  1.17 ms (1.4x), Avg.   811 us, Total. 3.245 ms (0.0%)
[Performance] ShaderGraphAssetPostProcessor.OnPostprocessAllAssets                                                                                 :        4 samples, Peak.  5.43 ms (1.7x), Avg.  3.24 ms, Total. 12.97 ms (0.0%)
[Performance] SpeedTreePostProcessor.OnPostprocessAllAssets                                                                                        :        4 samples, Peak.   373 us (1.5x), Avg.   246 us, Total. 982.4 us (0.0%)
[Performance] TextAssetPostProcessor.OnPostprocessAllAssets                                                                                        :        4 samples, Peak.   922 us (1.5x), Avg.   605 us, Total. 2.419 ms (0.0%)
[Performance] SpriteEditorTexturePostprocessor.OnPostprocessAllAssets                                                                              :        4 samples, Peak.   899 us (2.0x), Avg.   451 us, Total. 1.803 ms (0.0%)
[Performance] EditorApplication.projectChanged: UnityEditor.Audio.MixerEffectDefinitionReloader.OnProjectChanged                                   :        2 samples, Peak.  2.34 ms (1.8x), Avg.  1.31 ms, Total. 2.616 ms (0.0%)
[Performance] EditorSceneManager.sceneSaved: UnityEditor.SceneTemplate.SceneTemplateService.OnSceneSaved                                           :        1 samples, Peak.  86.4 ms (1.0x), Avg.  86.4 ms, Total. 86.43 ms (0.0%)
[Performance] EditorSceneManager.sceneSaved: UnityEditor.SceneVisibilityManager.EditorSceneManagerOnSceneSaved                                     :        1 samples, Peak.  93.5 us (1.0x), Avg.  93.5 us, Total. 93.50 us (0.0%)
[Performance] ObjectChangeEvents.changesPublished: UnityEditor.PrefabInstanceChangedListener.OnObjectChanged                                       :        1 samples, Peak.   599 us (1.0x), Avg.   599 us, Total. 599.4 us (0.0%)
[Performance] EditorApplication.update: UnityEditor.TestTools.TestRunner.PlaymodeLauncher.UpdateCallback                                           :        2 samples, Peak.   103 ms (2.0x), Avg.  52.5 ms, Total. 105.0 ms (0.0%)
[Performance] EditorApplication.playModeStateChanged                                                                                               :        2 samples, Peak.   629 ms (2.0x), Avg.   315 ms, Total. 630.8 ms (0.0%)
[Performance] EditorApplication.playModeStateChanged: UnityEditor.ObjectPool.PoolManager.OnEditorStateChange                                       :        3 samples, Peak.   202 us (1.4x), Avg.   140 us, Total. 419.2 us (0.0%)
[Performance] EditorApplication.playModeStateChanged: UnityEditor.PackageManager.UI.Internal.PlayModeDownload.PlayModeStateChanged                 :        3 samples, Peak.   225 us (2.1x), Avg.   105 us, Total. 316.1 us (0.0%)
[Performance] EditorApplication.playModeStateChanged: VFXComposer.Editor.Preview.S14SlashWysiwygCapture.OnPlayModeState                            :        3 samples, Peak.  48.8 us (1.6x), Avg.  30.7 us, Total. 92.00 us (0.0%)
[Performance] EditorApplication.playModeStateChanged: Unity.Burst.Editor.BurstLoader.EditorApplicationOnPlayModeStateChanged                       :        3 samples, Peak.  3.00 ms (2.9x), Avg.  1.03 ms, Total. 3.104 ms (0.0%)
[Performance] EditorApplication.playModeStateChanged: UnityEngine.Rendering.Universal.ShadowCasterGroup2DManager.OnPlayModeStateChanged            :        3 samples, Peak.   100 us (1.6x), Avg.  64.4 us, Total. 193.2 us (0.0%)
[Performance] EditorApplication.playModeStateChanged: UnityEditor.TestTools.TestRunner.PlaymodeLauncher+BackgroundWatcher.OnPlayModeStateChanged   :        3 samples, Peak.   625 ms (3.0x), Avg.   209 ms, Total. 625.9 ms (0.0%)
[Performance] EditorApplication.playModeStateChanged: UnityEditor.SceneManagement.EditorSceneManager.PlayModeStateChangedCallback                  :        3 samples, Peak.  38.5 us (1.7x), Avg.  22.5 us, Total. 67.40 us (0.0%)
[Performance] EditorApplication.playModeStateChanged: UnityEditor.SceneVisibilityManager.EditorApplicationPlayModeStateChanged                     :        3 samples, Peak.  35.0 us (1.8x), Avg.  19.6 us, Total. 58.90 us (0.0%)
[Performance] EditorApplication.playModeStateChanged: UnityEditor.PackageManager.UI.Internal.ApplicationProxy.PlayModeStateChanged                 :        3 samples, Peak.   133 us (1.6x), Avg.  85.5 us, Total. 256.4 us (0.0%)
[Performance] EditorApplication.playModeStateChanged: UnityEditor.TestTools.TestRunner.TestRunnerWindow.OnPlayModeStateChanged                     :        3 samples, Peak.  86.9 us (1.7x), Avg.  52.3 us, Total. 156.9 us (0.0%)
[Performance] Application.EnterPlayMode                                                                                                            :        1 samples, Peak.   925 ms (1.0x), Avg.   925 ms, Total. 924.8 ms (0.0%)
[Performance] Application.Reload                                                                                                                   :        1 samples, Peak.   783 ms (1.0x), Avg.   783 ms, Total. 782.7 ms (0.0%)
[Performance] AssemblyReloadEvents.beforeAssemblyReload: UnityEditor.Rendering.Analytics.DebugManagerWindowLifetimeAnalytic.OnBeforeAssemblyReload :        1 samples, Peak.   333 us (1.0x), Avg.   333 us, Total. 333.2 us (0.0%)
[Performance] UnityBuildPostprocessor.OnProcessScene                                                                                               :        2 samples, Peak.   578 us (1.9x), Avg.   300 us, Total. 599.9 us (0.0%)
[Performance] Inspector.InitOrRebuild                                                                                                              :        1 samples, Peak.   314 us (1.0x), Avg.   314 us, Total. 314.0 us (0.0%)
[Performance] EditorApplication.update: UnityEditor.Rendering.Universal.SceneViewDrawMode.UpdateSceneViewStates                                    : 117581337 samples, Peak.  77.5 ms (378679.4x), Avg.   205 ns, Total. 24.07 s (1.1%)
[Performance] Application.Message.WM_00400                                                                                                         :        1 samples, Peak.  32.2 us (1.0x), Avg.  32.2 us, Total. 32.20 us (0.0%)
[Performance] AssetDatabase.DeleteAssets                                                                                                           :        1 samples, Peak.   581 ms (1.0x), Avg.   581 ms, Total. 581.1 ms (0.0%)
[Performance] BuilderAssetModificationProcessor.OnWillDeleteAsset                                                                                  :        1 samples, Peak.  2.99 ms (1.0x), Avg.  2.99 ms, Total. 2.992 ms (0.0%)
[Performance] TMP_FontAssetPostProcessor.OnWillDeleteAsset                                                                                         :        1 samples, Peak.  4.21 ms (1.0x), Avg.  4.21 ms, Total. 4.209 ms (0.0%)
[Performance] CancelSplashScreenOnAssetDelete.OnWillDeleteAsset                                                                                    :        1 samples, Peak.  2.37 ms (1.0x), Avg.  2.37 ms, Total. 2.365 ms (0.0%)
[Performance] EditorApplication.playModeStateChanged: UnityEditor.TestTools.TestRunner.TestRunnerCallback.OnPlayModeStateChanged                   :        1 samples, Peak.   501 us (1.0x), Avg.   501 us, Total. 500.6 us (0.0%)
[Performance] Application.Shutdown.SaveDefaultWindowPreferences                                                                                    :        1 samples, Peak.   320 us (1.0x), Avg.   320 us, Total. 320.5 us (0.0%)
[Performance] Application.Shutdown.SaveSceneManagerSetup                                                                                           :        1 samples, Peak.   232 us (1.0x), Avg.   232 us, Total. 232.2 us (0.0%)
[Performance] Application.Shutdown.CleanupAllContainerWindows                                                                                      :        1 samples, Peak.  15.4 us (1.0x), Avg.  15.4 us, Total. 15.40 us (0.0%)
[Performance] EditorApplication.quitting: Unity.Burst.Editor.BurstLoader.OnEditorApplicationQuitting                                               :        1 samples, Peak.  33.1 us (1.0x), Avg.  33.1 us, Total. 33.10 us (0.0%)
[Performance] EditorApplication.quitting: callback in UnityEditor.TextCore.Text.EditorEventCallbacks                                               :        1 samples, Peak.   195 ms (1.0x), Avg.   195 ms, Total. 194.9 ms (0.0%)
[Performance] Application.Shutdown.PauseProfilerSession                                                                                            :        1 samples, Peak.  35.3 us (1.0x), Avg.  35.3 us, Total. 35.30 us (0.0%)
[Performance] Application.Shutdown.PauseAssetImportWorkers                                                                                         :        1 samples, Peak.   325 us (1.0x), Avg.   325 us, Total. 325.0 us (0.0%)
[Performance] Application.Shutdown.SaveAssets                                                                                                      :        1 samples, Peak.  58.1 ms (1.0x), Avg.  58.1 ms, Total. 58.10 ms (0.0%)
[Performance] Application.Shutdown.CleanupRenderPipeline                                                                                           :        1 samples, Peak.  21.3 ms (1.0x), Avg.  21.3 ms, Total. 21.27 ms (0.0%)
[Performance] Application.Shutdown.StopPreloadManager                                                                                              :        1 samples, Peak.  9.83 ms (1.0x), Avg.  9.83 ms, Total. 9.832 ms (0.0%)
[Performance] Application.Shutdown.DestroyWorld                                                                                                    :        1 samples, Peak.  16.7 ms (1.0x), Avg.  16.7 ms, Total. 16.70 ms (0.0%)
[Performance] Application.Shutdown.CleanupAfterLoad                                                                                                :        1 samples, Peak.   109 ms (1.0x), Avg.   109 ms, Total. 108.5 ms (0.0%)
[Performance] Application.Shutdown.Progress                                                                                                        :        1 samples, Peak.   179 us (1.0x), Avg.   179 us, Total. 178.7 us (0.0%)
[Performance] Application.Shutdown.GICleanupManagers                                                                                               :        1 samples, Peak.  17.4 ms (1.0x), Avg.  17.4 ms, Total. 17.40 ms (0.0%)
[Performance] Application.Shutdown.MenuCleanupClass                                                                                                :        1 samples, Peak.   867 us (1.0x), Avg.   867 us, Total. 866.7 us (0.0%)
[Performance] Application.Shutdown.ADBSaveStateBeforeShutdown                                                                                      :        1 samples, Peak.  7.60 us (1.0x), Avg.  7.60 us, Total. 7.600 us (0.0%)
[Performance] Application.Shutdown.RemoteShutdown                                                                                                  :        1 samples, Peak.   700 ns (1.0x), Avg.   700 ns, Total. 700.0 ns (0.0%)
[Performance] Application.Shutdown.CleanupVCProvider                                                                                               :        1 samples, Peak.   109 us (1.0x), Avg.   109 us, Total. 109.0 us (0.0%)
[Performance] Application.Shutdown.InputShutdown                                                                                                   :        1 samples, Peak.  60.8 us (1.0x), Avg.  60.8 us, Total. 60.80 us (0.0%)
[Performance] Application.Shutdown.GizmoManagerDestroy                                                                                             :        1 samples, Peak.  1.98 ms (1.0x), Avg.  1.98 ms, Total. 1.978 ms (0.0%)
[Performance] Application.Shutdown.ProfilerSession                                                                                                 :        1 samples, Peak.  1.03 ms (1.0x), Avg.  1.03 ms, Total. 1.035 ms (0.0%)
[Performance] Application.Shutdown.ReleaseGfxWindowOnAllGUIViews                                                                                   :        1 samples, Peak.   400 ns (1.0x), Avg.   400 ns, Total. 400.0 ns (0.0%)
[Performance] Application.Shutdown.CleanupEngine                                                                                                   :        1 samples, Peak.   179 ms (1.0x), Avg.   179 ms, Total. 179.0 ms (0.0%)
[Performance] Application.Shutdown.CleanupAssetDatabase                                                                                            :        1 samples, Peak.  10.2 ms (1.0x), Avg.  10.2 ms, Total. 10.19 ms (0.0%)
[Performance] Application.Shutdown.ScriptCompilationCleanUp                                                                                        :        1 samples, Peak.  19.0 ms (1.0x), Avg.  19.0 ms, Total. 18.96 ms (0.0%)
[Performance] Application.Shutdown.DestroyJobSystem                                                                                                :        1 samples, Peak.  2.44 ms (1.0x), Avg.  2.44 ms, Total. 2.442 ms (0.0%)
[Performance] Application.Shutdown.CleanupPersistentManager                                                                                        :        1 samples, Peak.  1.88 ms (1.0x), Avg.  1.88 ms, Total. 1.878 ms (0.0%)
[Performance] Application.Shutdown.CleanupAsyncReadManager                                                                                         :        1 samples, Peak.   915 us (1.0x), Avg.   915 us, Total. 915.0 us (0.0%)
[Performance] Application.Shutdown.CleanupProgressBar                                                                                              :        1 samples, Peak.  55.4 us (1.0x), Avg.  55.4 us, Total. 55.40 us (0.0%)
[Performance] Application.Shutdown.CleanupMono                                                                                                     :        1 samples, Peak.   151 ms (1.0x), Avg.   151 ms, Total. 151.5 ms (0.0%)
[Performance] Application.Shutdown.CleanupStdConverters                                                                                            :        1 samples, Peak.  6.60 us (1.0x), Avg.  6.60 us, Total. 6.600 us (0.0%)
[Performance] Application.Shutdown.UnloadAllPlatformSupportModuleNativeDlls                                                                        :        1 samples, Peak.  1.30 us (1.0x), Avg.  1.30 us, Total. 1.300 us (0.0%)
[Performance] Application.Shutdown.UnloadAllPlatformSupportNativeLibraries                                                                         :        1 samples, Peak. 0.0 (-nan(ind)x), Avg. 0.0, Total. 0.0 (0.0%)
[Performance] Application.Shutdown.CleanupAutoDocumentation                                                                                        :        1 samples, Peak.  1.45 ms (1.0x), Avg.  1.45 ms, Total. 1.455 ms (0.0%)
[Performance] Application.Shutdown.ShaderNameManagerDestroy                                                                                        :        1 samples, Peak.  50.8 us (1.0x), Avg.  50.8 us, Total. 50.80 us (0.0%)
[Performance] Application.Shutdown.CleanupCacheServer                                                                                              :        1 samples, Peak. 0.0 (-nan(ind)x), Avg. 0.0, Total. 0.0 (0.0%)
[Performance] Application.Shutdown.Virtualization_Shutdown                                                                                         :        1 samples, Peak.   200 ns (1.0x), Avg.   200 ns, Total. 200.0 ns (0.0%)
[Performance] Application.Shutdown.DevConnections                                                                                                  :        1 samples, Peak.   289 us (1.0x), Avg.   289 us, Total. 288.9 us (0.0%)
Checking for leaked weakptr:
  Found no leaked weakptrs.
[Package Manager] Server::Kill -- Server was shutdown
Memory Statistics:
[ALLOC_TEMP_TLS] TLS Allocator
  StackAllocators : 
    [ALLOC_TEMP_CurlRequest]
      Initial Block Size 64.0 KB
      Current Block Size 64.0 KB
      Peak Allocated Bytes 0 B
      Overflow Count 0
    [ALLOC_TEMP_MAIN]
      Peak usage frame count: [4.0 KB-8.0 KB]: 117314 frames, [8.0 KB-16.0 KB]: 1 frames, [16.0 KB-32.0 KB]: 1339 frames, [32.0 KB-64.0 KB]: 1351 frames, [64.0 KB-128.0 KB]: 59 frames, [128.0 KB-256.0 KB]: 1 frames, [0.5 MB-1.0 MB]: 1 frames, [2.0 MB-4.0 MB]: 1 frames, [8.0 MB-16.0 MB]: 2 frames
      Initial Block Size 16.0 MB
      Current Block Size 16.0 MB
      Peak Allocated Bytes 9.8 MB
      Overflow Count 0
    [ALLOC_TEMP_Job.Worker 18]
      Initial Block Size 256.0 KB
      Current Block Size 256.0 KB
      Peak Allocated Bytes 2.1 KB
      Overflow Count 1
    [ALLOC_TEMP_Background Job.Worker 8]
      Initial Block Size 32.0 KB
      Current Block Size 32.0 KB
      Peak Allocated Bytes 54 B
      Overflow Count 0
    [ALLOC_TEMP_Job.Worker 4]
      Initial Block Size 256.0 KB
      Current Block Size 0.9 MB
      Peak Allocated Bytes 0.9 MB
      Overflow Count 0
    [ALLOC_TEMP_AUDIO_FMOD mixer thread]
      Initial Block Size 64.0 KB
      Current Block Size 64.0 KB
      Peak Allocated Bytes 54 B
      Overflow Count 0
    [ALLOC_TEMP_BakingJobs.Worker 5]
      Initial Block Size 256.0 KB
      Current Block Size 256.0 KB
      Peak Allocated Bytes 54 B
      Overflow Count 0
    [ALLOC_TEMP_BakingJobs.Worker 10]
      Initial Block Size 256.0 KB
      Current Block Size 256.0 KB
      Peak Allocated Bytes 54 B
      Overflow Count 0
    [ALLOC_TEMP_Background Job.Worker 3]
      Initial Block Size 32.0 KB
      Current Block Size 32.0 KB
      Peak Allocated Bytes 54 B
      Overflow Count 0
    [ALLOC_TEMP_BatchDeleteObjects]
      Initial Block Size 64.0 KB
      Current Block Size 64.0 KB
      Peak Allocated Bytes 54 B
      Overflow Count 0
    [ALLOC_TEMP_Background Job.Worker 11]
      Initial Block Size 32.0 KB
      Current Block Size 32.0 KB
      Peak Allocated Bytes 54 B
      Overflow Count 0
    [ALLOC_TEMP_REST Message Handler]
      Initial Block Size 64.0 KB
      Current Block Size 64.0 KB
      Peak Allocated Bytes 54 B
      Overflow Count 0
    [ALLOC_TEMP_CoreBusinessMetricsCache]
      Initial Block Size 64.0 KB
      Current Block Size 64.0 KB
      Peak Allocated Bytes 8.0 KB
      Overflow Count 0
    [ALLOC_TEMP_Job.Worker 13]
      Initial Block Size 256.0 KB
      Current Block Size 0.9 MB
      Peak Allocated Bytes 0.9 MB
      Overflow Count 0
    [ALLOC_TEMP_Background Job.Worker 2]
      Initial Block Size 32.0 KB
      Current Block Size 32.0 KB
      Peak Allocated Bytes 1.9 KB
      Overflow Count 0
    [ALLOC_TEMP_AssetDatabase.IOService]
      Initial Block Size 64.0 KB
      Current Block Size 64.0 KB
      Peak Allocated Bytes 54 B
      Overflow Count 0
    [ALLOC_TEMP_Job.Worker 10]
      Initial Block Size 256.0 KB
      Current Block Size 0.9 MB
      Peak Allocated Bytes 0.9 MB
      Overflow Count 0
    [ALLOC_TEMP_Job.Worker 15]
      Initial Block Size 256.0 KB
      Current Block Size 256.0 KB
      Peak Allocated Bytes 1.9 KB
      Overflow Count 0
    [ALLOC_TEMP_Job.Worker 12]
      Initial Block Size 256.0 KB
      Current Block Size 256.0 KB
      Peak Allocated Bytes 1.9 KB
      Overflow Count 1
    [ALLOC_TEMP_Loading.PreloadManager] x 2
      Initial Block Size 32.0 MB
      Current Block Size 32.0 MB
      Peak Allocated Bytes 1.0 MB
      Overflow Count 0
    [ALLOC_TEMP_Profiler.Dispatcher]
      Initial Block Size 64.0 KB
      Current Block Size 64.0 KB
      Peak Allocated Bytes 0 B
      Overflow Count 0
    [ALLOC_TEMP_Job.Worker 14]
      Initial Block Size 256.0 KB
      Current Block Size 0.9 MB
      Peak Allocated Bytes 0.9 MB
      Overflow Count 0
    [ALLOC_TEMP_Job.Worker 3]
      Initial Block Size 256.0 KB
      Current Block Size 0.9 MB
      Peak Allocated Bytes 0.9 MB
      Overflow Count 0
    [ALLOC_TEMP_BakingJobs.Worker 7]
      Initial Block Size 256.0 KB
      Current Block Size 256.0 KB
      Peak Allocated Bytes 54 B
      Overflow Count 0
    [ALLOC_TEMP_Job.Worker 17]
      Initial Block Size 256.0 KB
      Current Block Size 256.0 KB
      Peak Allocated Bytes 1.9 KB
      Overflow Count 1
    [ALLOC_TEMP_Background Job.Worker 5]
      Initial Block Size 32.0 KB
      Current Block Size 32.0 KB
      Peak Allocated Bytes 54 B
      Overflow Count 0
    [ALLOC_TEMP_CurlRequest]
      Initial Block Size 64.0 KB
      Current Block Size 64.0 KB
      Peak Allocated Bytes 1.9 KB
      Overflow Count 0
    [ALLOC_TEMP_Background Job.Worker 13]
      Initial Block Size 32.0 KB
      Current Block Size 32.0 KB
      Peak Allocated Bytes 54 B
      Overflow Count 0
    [ALLOC_TEMP_Job.Worker 2]
      Initial Block Size 256.0 KB
      Current Block Size 256.0 KB
      Peak Allocated Bytes 1.9 KB
      Overflow Count 1
    [ALLOC_TEMP_BakingJobs.Worker 6]
      Initial Block Size 256.0 KB
      Current Block Size 256.0 KB
      Peak Allocated Bytes 54 B
      Overflow Count 0
    [ALLOC_TEMP_Job.Worker 11]
      Initial Block Size 256.0 KB
      Current Block Size 256.0 KB
      Peak Allocated Bytes 1.9 KB
      Overflow Count 1
    [ALLOC_TEMP_Job.Worker 0]
      Initial Block Size 256.0 KB
      Current Block Size 256.0 KB
      Peak Allocated Bytes 1.9 KB
      Overflow Count 1
    [ALLOC_TEMP_Job.Worker 5]
      Initial Block Size 256.0 KB
      Current Block Size 0.9 MB
      Peak Allocated Bytes 0.9 MB
      Overflow Count 0
    [ALLOC_TEMP_ReadCacheIndex] x 2
      Initial Block Size 64.0 KB
      Current Block Size 64.0 KB
      Peak Allocated Bytes 511 B
      Overflow Count 0
    [ALLOC_TEMP_EnlightenWorker] x 20
      Initial Block Size 64.0 KB
      Current Block Size 64.0 KB
      Peak Allocated Bytes 54 B
      Overflow Count 0
    [ALLOC_TEMP_BakingJobs.Worker 8]
      Initial Block Size 256.0 KB
      Current Block Size 256.0 KB
      Peak Allocated Bytes 54 B
      Overflow Count 0
    [ALLOC_TEMP_Job.Worker 9]
      Initial Block Size 256.0 KB
      Current Block Size 256.0 KB
      Peak Allocated Bytes 1.9 KB
      Overflow Count 1
    [ALLOC_TEMP_Job.Worker 6]
      Initial Block Size 256.0 KB
      Current Block Size 0.9 MB
      Peak Allocated Bytes 0.9 MB
      Overflow Count 0
    [ALLOC_TEMP_BakingJobs.Worker 1]
      Initial Block Size 256.0 KB
      Current Block Size 1.0 MB
      Peak Allocated Bytes 1.0 MB
      Overflow Count 1
    [ALLOC_TEMP_DirMonitor]
      Initial Block Size 64.0 KB
      Current Block Size 64.0 KB
      Peak Allocated Bytes 1.0 KB
      Overflow Count 0
    [ALLOC_TEMP_Loading.AsyncRead]
      Initial Block Size 64.0 KB
      Current Block Size 64.0 KB
      Peak Allocated Bytes 128 B
      Overflow Count 0
    [ALLOC_TEMP_Background Job.Worker 9]
      Initial Block Size 32.0 KB
      Current Block Size 32.0 KB
      Peak Allocated Bytes 54 B
      Overflow Count 0
    [ALLOC_TEMP_Background Job.Worker 10]
      Initial Block Size 32.0 KB
      Current Block Size 32.0 KB
      Peak Allocated Bytes 54 B
      Overflow Count 0
    [ALLOC_TEMP_Job.Worker 16]
      Initial Block Size 256.0 KB
      Current Block Size 256.0 KB
      Peak Allocated Bytes 2.0 KB
      Overflow Count 1
    [ALLOC_TEMP_BakingJobs.Worker 9]
      Initial Block Size 256.0 KB
      Current Block Size 256.0 KB
      Peak Allocated Bytes 54 B
      Overflow Count 0
    [ALLOC_TEMP_AUDIO_FMOD (WASAPI) feeder thread]
      Initial Block Size 64.0 KB
      Current Block Size 64.0 KB
      Peak Allocated Bytes 168 B
      Overflow Count 0
    [ALLOC_TEMP_Background Job.Worker 6]
      Initial Block Size 32.0 KB
      Current Block Size 32.0 KB
      Peak Allocated Bytes 54 B
      Overflow Count 0
    [ALLOC_TEMP_Background Job.Worker 1]
      Initial Block Size 32.0 KB
      Current Block Size 216.0 KB
      Peak Allocated Bytes 170.6 KB
      Overflow Count 2
    [ALLOC_TEMP_BakingJobs.Worker 11]
      Initial Block Size 256.0 KB
      Current Block Size 256.0 KB
      Peak Allocated Bytes 54 B
      Overflow Count 0
    [ALLOC_TEMP_AUDIO_FMOD stream thread]
      Initial Block Size 64.0 KB
      Current Block Size 64.0 KB
      Peak Allocated Bytes 54 B
      Overflow Count 0
    [ALLOC_TEMP_BakingJobs.Worker 2]
      Initial Block Size 256.0 KB
      Current Block Size 256.0 KB
      Peak Allocated Bytes 54 B
      Overflow Count 0
    [ALLOC_TEMP_Background Job.Worker 7]
      Initial Block Size 32.0 KB
      Current Block Size 32.0 KB
      Peak Allocated Bytes 54 B
      Overflow Count 0
    [ALLOC_TEMP_Job.Worker 8]
      Initial Block Size 256.0 KB
      Current Block Size 256.0 KB
      Peak Allocated Bytes 2.0 KB
      Overflow Count 1
    [ALLOC_TEMP_Job.Worker 1]
      Initial Block Size 256.0 KB
      Current Block Size 1.0 MB
      Peak Allocated Bytes 1.0 MB
      Overflow Count 0
    [ALLOC_TEMP_BakingJobs.Worker 0]
      Initial Block Size 256.0 KB
      Current Block Size 256.0 KB
      Peak Allocated Bytes 54 B
      Overflow Count 0
    [ALLOC_TEMP_BakingJobs.Worker 3]
      Initial Block Size 256.0 KB
      Current Block Size 256.0 KB
      Peak Allocated Bytes 54 B
      Overflow Count 0
    [ALLOC_TEMP_EditorTaskManager]
      Initial Block Size 64.0 KB
      Current Block Size 68.0 KB
      Peak Allocated Bytes 64.0 KB
      Overflow Count 0
    [ALLOC_TEMP_Background Job.Worker 15]
      Initial Block Size 32.0 KB
      Current Block Size 32.0 KB
      Peak Allocated Bytes 54 B
      Overflow Count 0
    [ALLOC_TEMP_BakingJobs.Worker 4]
      Initial Block Size 256.0 KB
      Current Block Size 256.0 KB
      Peak Allocated Bytes 54 B
      Overflow Count 0
    [ALLOC_TEMP_Background Job.Worker 12]
      Initial Block Size 32.0 KB
      Current Block Size 32.0 KB
      Peak Allocated Bytes 54 B
      Overflow Count 0
    [ALLOC_TEMP_HTTP REST Server]
      Initial Block Size 64.0 KB
      Current Block Size 64.0 KB
      Peak Allocated Bytes 76 B
      Overflow Count 0
    [ALLOC_TEMP_AssetGarbageCollectorHelper] x 19
      Initial Block Size 64.0 KB
      Current Block Size 64.0 KB
      Peak Allocated Bytes 0 B
      Overflow Count 0
    [ALLOC_TEMP_Background Job.Worker 0]
      Initial Block Size 32.0 KB
      Current Block Size 32.0 KB
      Peak Allocated Bytes 54 B
      Overflow Count 0
    [ALLOC_TEMP_Background Job.Worker 4]
      Initial Block Size 32.0 KB
      Current Block Size 32.0 KB
      Peak Allocated Bytes 54 B
      Overflow Count 0
    [ALLOC_TEMP_Background Job.Worker 14]
      Initial Block Size 32.0 KB
      Current Block Size 32.0 KB
      Peak Allocated Bytes 54 B
      Overflow Count 0
    [ALLOC_TEMP_Job.Worker 7]
      Initial Block Size 256.0 KB
      Current Block Size 0.9 MB
      Peak Allocated Bytes 0.9 MB
      Overflow Count 0
[ALLOC_MEMORYPROFILER]
  Peak usage frame count: [128.0 KB-256.0 KB]: 120067 frames, [256.0 KB-0.5 MB]: 2 frames
  Requested Block Size 1.0 MB
  Peak Block count 1
  Peak Allocated memory 455.4 KB
  Peak Large allocation bytes 0 B
[ALLOC_DEFAULT] Dual Thread Allocator
  Peak main deferred allocation count 1306
    [ALLOC_BUCKET]
      Large Block size 32.0 MB
      Used Block count 1
      Peak Allocated bytes 9.9 MB
    [ALLOC_DEFAULT_MAIN]
      Peak usage frame count: [64.0 MB-128.0 MB]: 120069 frames
      Requested Block Size 16.0 MB
      Peak Block count 5
      Peak Allocated memory 71.6 MB
      Peak Large allocation bytes 0 B
    [ALLOC_DEFAULT_THREAD]
      Peak usage frame count: [4.0 MB-8.0 MB]: 120069 frames
      Requested Block Size 16.0 MB
      Peak Block count 1
      Peak Allocated memory 5.6 MB
      Peak Large allocation bytes 0 B
[ALLOC_TEMP_JOB_1_FRAME]
  Initial Block Size 2.0 MB
  Used Block Count 0
  Overflow Count (too large) 0
  Overflow Count (full) 0
[ALLOC_TEMP_JOB_2_FRAMES]
  Initial Block Size 2.0 MB
  Used Block Count 0
  Overflow Count (too large) 0
  Overflow Count (full) 0
[ALLOC_TEMP_JOB_4_FRAMES (JobTemp)]
  Initial Block Size 2.0 MB
  Used Block Count 1
  Overflow Count (too large) 0
  Overflow Count (full) 0
[ALLOC_TEMP_JOB_ASYNC (Background)]
  Initial Block Size 1.0 MB
  Used Block Count 1
  Overflow Count (too large) 0
  Overflow Count (full) 0
[ALLOC_GFX] Dual Thread Allocator
  Peak main deferred allocation count 4
    [ALLOC_BUCKET]
      Large Block size 32.0 MB
      Used Block count 1
      Peak Allocated bytes 9.9 MB
    [ALLOC_GFX_MAIN]
      Peak usage frame count: [4.0 MB-8.0 MB]: 117429 frames, [8.0 MB-16.0 MB]: 2640 frames
      Requested Block Size 16.0 MB
      Peak Block count 1
      Peak Allocated memory 10.9 MB
      Peak Large allocation bytes 0 B
    [ALLOC_GFX_THREAD]
      Peak usage frame count: [0-1.0 KB]: 2 frames, [128.0 KB-256.0 KB]: 120067 frames
      Requested Block Size 16.0 MB
      Peak Block count 1
      Peak Allocated memory 134.7 KB
      Peak Large allocation bytes 0 B
[ALLOC_CACHEOBJECTS] Dual Thread Allocator
  Peak main deferred allocation count 658
    [ALLOC_BUCKET]
      Large Block size 32.0 MB
      Used Block count 1
      Peak Allocated bytes 9.9 MB
    [ALLOC_CACHEOBJECTS_MAIN]
      Peak usage frame count: [16.0 MB-32.0 MB]: 120067 frames, [32.0 MB-64.0 MB]: 2 frames
      Requested Block Size 4.0 MB
      Peak Block count 15
      Peak Allocated memory 49.1 MB
      Peak Large allocation bytes 20.1 MB
    [ALLOC_CACHEOBJECTS_THREAD]
      Peak usage frame count: [0-1.0 KB]: 1 frames, [1.0 KB-2.0 KB]: 1 frames, [4.0 KB-8.0 KB]: 9 frames, [32.0 KB-64.0 KB]: 176 frames, [128.0 KB-256.0 KB]: 407 frames, [256.0 KB-0.5 MB]: 119461 frames, [0.5 MB-1.0 MB]: 14 frames
      Requested Block Size 4.0 MB
      Peak Block count 1
      Peak Allocated memory 0.7 MB
      Peak Large allocation bytes 0 B
[ALLOC_TYPETREE] Dual Thread Allocator
  Peak main deferred allocation count 1037
    [ALLOC_BUCKET]
      Large Block size 32.0 MB
      Used Block count 1
      Peak Allocated bytes 9.9 MB
    [ALLOC_TYPETREE_MAIN]
      Peak usage frame count: [64.0 KB-128.0 KB]: 1045 frames, [256.0 KB-0.5 MB]: 2 frames, [0.5 MB-1.0 MB]: 119018 frames, [1.0 MB-2.0 MB]: 3 frames, [8.0 MB-16.0 MB]: 1 frames
      Requested Block Size 2.0 MB
      Peak Block count 7
      Peak Allocated memory 12.3 MB
      Peak Large allocation bytes 0 B
    [ALLOC_TYPETREE_THREAD]
      Peak usage frame count: [0-1.0 KB]: 2 frames, [8.0 KB-16.0 KB]: 1 frames, [32.0 KB-64.0 KB]: 428 frames, [128.0 KB-256.0 KB]: 119221 frames, [256.0 KB-0.5 MB]: 36 frames, [0.5 MB-1.0 MB]: 381 frames
      Requested Block Size 2.0 MB
      Peak Block count 1
      Peak Allocated memory 0.7 MB
      Peak Large allocation bytes 0 B
[ALLOC_PROFILER]
  Peak usage frame count: [256.0 KB-0.5 MB]: 1051 frames, [0.5 MB-1.0 MB]: 40998 frames, [1.0 MB-2.0 MB]: 78020 frames
  Requested Block Size 16.0 MB
  Peak Block count 1
  Peak Allocated memory 1.7 MB
  Peak Large allocation bytes 0 B
    [ALLOC_PROFILER_BUCKET]
      Large Block size 32.0 MB
      Used Block count 1
      Peak Allocated bytes 14.2 KB
[ALLOC_PROFILER_EDITOR]
  Peak usage frame count: [0-1.0 KB]: 120069 frames
  Requested Block Size 1.0 MB
  Peak Block count 0
  Peak Allocated memory 0 B
  Peak Large allocation bytes 0 B
    [ALLOC_PROFILER_BUCKET]
      Large Block size 32.0 MB
      Used Block count 1
      Peak Allocated bytes 14.2 KB
##utp:{"type":"MemoryLeaks","version":2,"phase":"Immediate","time":1787672175414,"processId":10160,"allocatedMemory":23800819,"memoryLabels":[{"Default":20431},{"Permanent":15615},{"NewDelete":81752},{"Thread":4229412},{"Manager":35216},{"VertexData":204},{"Geometry":560},{"Texture":480},{"Shader":68848},{"Material":24},{"GfxDevice":57208},{"Animation":296},{"Audio":3928},{"FontEngine":272},{"Physics":513},{"Serialization":948},{"Input":14744},{"JobScheduler":45040},{"Mono":40},{"ScriptingNativeRuntime":191848},{"BaseObject":1627276},{"Resource":1360},{"Renderer":2304},{"Transform":16},{"File":9647},{"WebCam":96},{"Culling":40},{"Terrain":1137},{"Wind":24},{"STL":48},{"String":15406},{"DynamicArray":71265},{"HashMap":4418418},{"Utility":2664898},{"Curl":1424},{"PoolAlloc":1728},{"AI":104},{"TypeTree":5077},{"ScriptManager":640},{"RuntimeInitializeOnLoadManager":80},{"SpriteAtlas":128},{"GI":4552},{"Director":7960},{"WebRequest":688},{"VR":46081},{"SceneManager":568},{"Video":72},{"LazyScriptCache":40},{"NativeArray":12},{"Camera":25},{"Secure":1},{"SerializationCache":1584},{"APIUpdating":11872},{"Subsystems":392},{"VirtualTexturing":57896},{"StaticSafetyDebugInfo":327680},{"EditorGui":56},{"EditorUtility":21293},{"VersionControl":4},{"Undo":704},{"AssetDatabase":9583751},{"RestService":1414},{"EditorGi":376},{"License":3584},{"UnityConnect":25344},{"Collab":593},{"Upm":100231},{"DrivenProperties":96},{"LocalIPC":296},{"ProfilerEditor":10943},{"CoreBusinessMetrics":4136},{"AssetReference":40},{"IPCStream":40}]}
