[Licensing::Module] Trying to connect to existing licensing client channel...
[Licensing::IpcConnector] Successfully connected to: "LicenseClient-admin" at "2026-08-25T14:30:51.9169355Z"
[Licensing::Client] Code 1 while verifying Licensing Client signature (process Id: 26760, path: "C:/Program Files/Unity Hub/UnityLicensingClient_V1/Unity.Licensing.Client.exe")
[Licensing::Module] LicensingClient has failed validation; ignoring
[Licensing::Client] Error: HandshakeResponse reported an error:
	ResponseCode: 505
	ResponseStatus: Unsupported protocol version '1.16.2'.
[Licensing::Module] Error: Failed to handshake to channel: "LicenseClient-admin"
[Licensing::IpcConnector] LicenseClient-admin channel disconnected successfully.
[Licensing::IpcConnector] Successfully connected to: "LicenseClient-admin-2022.3.62" at "2026-08-25T14:30:51.9302889Z"
[Licensing::Client] Code 10 while verifying Licensing Client signature (process Id: 34860, path: "E:/workwork/steamgamework/unit/2022.3.62f3c1/Editor/Data/Resources/Licensing/Client/Unity.Licensing.Client.exe")
[Licensing::Module] LicensingClient has failed validation; ignoring
[Licensing::Client] Handshaking with LicensingClient:
  Version:                 1.16.2+bdef8f5
  Session Id:              53e3a045b2f541f7a726cf4156500697
  Correlation Id:          e6984ccf5e508b9309fb318b5ee0578c
  External correlation Id: 7359106131910720851
  Machine Id:              WDcRLaI4OR0B+iLstjufGiulM9k=
[Licensing::Module] Successfully connected to LicensingClient on channel: "LicenseClient-admin-2022.3.62" (connect: 0.00s, validation: 0.01s, handshake: 0.02s)
[Licensing::IpcConnector] Successfully connected to: "LicenseClient-admin-2022.3.62-notifications" at "2026-08-25T14:30:51.9611474Z"
[Licensing::Module] Error: Access token is unavailable; failed to update
[Licensing::Client] Successfully updated license
Built from '2022.3/china_unity/release' branch; Version is '2022.3.62f3c1 (1623fc0bbb97) revision 1451004'; Using compiler version '192829333'; Build Type 'Release'
OS: 'Windows 11  (10.0.22631) 64bit Professional' Language: 'zh' Physical Memory: 16197 MB
[Licensing::Client] Successfully resolved entitlement details
[Licensing::Module] Serial number assigned to: "F4-ZYBJ-ZJJ4-YPAS-69E8-XXXX"
BatchMode: 1, IsHumanControllingUs: 0, StartBugReporterOnCrash: 0, Is64bit: 1, IsPro: 0
[Licensing::Client] Successfully resolved entitlement details

COMMAND LINE ARGUMENTS:
E:\workwork\steamgamework\unit\2022.3.62f3c1\Editor\Unity.exe
-batchmode
-nographics
-projectPath
D:\WorkWork\Assist\image_to_smart\.codex_tmp\w24-fresh-20260825-0628\project
-runTests
-testPlatform
EditMode
-testFilter
VFXComposer.Tests.EditMode.W24FirstFormalBuildTransactionTests
-testResults
D:\WorkWork\Assist\image_to_smart\.codex_tmp\w24-stage-regression-results\r5\first-formal-transaction.xml
-logFile
D:\WorkWork\Assist\image_to_smart\.codex_tmp\w24-stage-regression-results\r5\first-formal-transaction.log
Successfully changed project path to: D:\WorkWork\Assist\image_to_smart\.codex_tmp\w24-fresh-20260825-0628\project
D:/WorkWork/Assist/image_to_smart/.codex_tmp/w24-fresh-20260825-0628/project
[UnityMemory] Configuration Parameters - Can be set up in boot.config
    "memorysetup-bucket-allocator-granularity=16"
    "memorysetup-bucket-allocator-bucket-count=8"
    "memorysetup-bucket-allocator-block-size=33554432"
    "memorysetup-bucket-allocator-block-count=8"
    "memorysetup-main-allocator-block-size=16777216"
    "memorysetup-thread-allocator-block-size=16777216"
    "memorysetup-gfx-main-allocator-block-size=16777216"
    "memorysetup-gfx-thread-allocator-block-size=16777216"
    "memorysetup-cache-allocator-block-size=4194304"
    "memorysetup-typetree-allocator-block-size=2097152"
    "memorysetup-profiler-bucket-allocator-granularity=16"
    "memorysetup-profiler-bucket-allocator-bucket-count=8"
    "memorysetup-profiler-bucket-allocator-block-size=33554432"
    "memorysetup-profiler-bucket-allocator-block-count=8"
    "memorysetup-profiler-allocator-block-size=16777216"
    "memorysetup-profiler-editor-allocator-block-size=1048576"
    "memorysetup-temp-allocator-size-main=16777216"
    "memorysetup-job-temp-allocator-block-size=2097152"
    "memorysetup-job-temp-allocator-block-size-background=1048576"
    "memorysetup-job-temp-allocator-reduction-small-platforms=262144"
    "memorysetup-allocator-temp-initial-block-size-main=262144"
    "memorysetup-allocator-temp-initial-block-size-worker=262144"
    "memorysetup-temp-allocator-size-background-worker=32768"
    "memorysetup-temp-allocator-size-job-worker=262144"
    "memorysetup-temp-allocator-size-preload-manager=33554432"
    "memorysetup-temp-allocator-size-nav-mesh-worker=65536"
    "memorysetup-temp-allocator-size-audio-worker=65536"
    "memorysetup-temp-allocator-size-cloud-worker=32768"
    "memorysetup-temp-allocator-size-gi-baking-worker=262144"
    "memorysetup-temp-allocator-size-gfx=262144"
Player connection [45180]  Target information:

Player connection [45180]  * "[IP] 192.168.1.2 [Port] 55505 [Flags] 2 [Guid] 1805540025 [EditorId] 1805540025 [Version] 1048832 [Id] WindowsEditor(7,snowpeak) [Debug] 1 [PackageName] WindowsEditor [ProjectName] Editor" 

Player connection [45180]  * "[IP] 172.18.96.1 [Port] 55505 [Flags] 2 [Guid] 1805540025 [EditorId] 1805540025 [Version] 1048832 [Id] WindowsEditor(7,snowpeak) [Debug] 1 [PackageName] WindowsEditor [ProjectName] Editor" 

Player connection [45180]  * "[IP] 198.18.0.1 [Port] 55505 [Flags] 2 [Guid] 1805540025 [EditorId] 1805540025 [Version] 1048832 [Id] WindowsEditor(7,snowpeak) [Debug] 1 [PackageName] WindowsEditor [ProjectName] Editor" 

Player connection [45180] Host joined multi-casting on [225.0.0.222:54997]...
Player connection [45180] Host joined alternative multi-casting on [225.0.0.222:34997]...
Input System module state changed to: Initialized.
[PhysX] Initialized MultithreadedTaskDispatcher with 20 workers.
[Package Manager] UpmClient::Connect -- Connected to IPC stream "Upm-34820" after 0.3 seconds.
[Package Manager] Restoring resolved packages state from cache
[Licensing::Client] Successfully resolved entitlement details
[Package Manager] Registered 23 packages:
  Packages from [https://packages.unity.cn]:
    com.unity.nuget.newtonsoft-json@3.0.2 (location: D:\WorkWork\Assist\image_to_smart\.codex_tmp\w24-fresh-20260825-0628\project\Library\PackageCache\com.unity.nuget.newtonsoft-json@3.0.2)
    com.unity.test-framework@1.1.33 (location: D:\WorkWork\Assist\image_to_smart\.codex_tmp\w24-fresh-20260825-0628\project\Library\PackageCache\com.unity.test-framework@1.1.33)
    com.unity.toolchain.win-x86_64-linux-x86_64@2.0.11 (location: D:\WorkWork\Assist\image_to_smart\.codex_tmp\w24-fresh-20260825-0628\project\Library\PackageCache\com.unity.toolchain.win-x86_64-linux-x86_64@2.0.11)
    com.unity.sysroot@2.0.10 (location: D:\WorkWork\Assist\image_to_smart\.codex_tmp\w24-fresh-20260825-0628\project\Library\PackageCache\com.unity.sysroot@2.0.10)
    com.unity.sysroot.linux-x86_64@2.0.9 (location: D:\WorkWork\Assist\image_to_smart\.codex_tmp\w24-fresh-20260825-0628\project\Library\PackageCache\com.unity.sysroot.linux-x86_64@2.0.9)
    com.unity.ext.nunit@1.0.6 (location: D:\WorkWork\Assist\image_to_smart\.codex_tmp\w24-fresh-20260825-0628\project\Library\PackageCache\com.unity.ext.nunit@1.0.6)
    com.unity.mathematics@1.2.6 (location: D:\WorkWork\Assist\image_to_smart\.codex_tmp\w24-fresh-20260825-0628\project\Library\PackageCache\com.unity.mathematics@1.2.6)
    com.unity.burst@1.8.21 (location: D:\WorkWork\Assist\image_to_smart\.codex_tmp\w24-fresh-20260825-0628\project\Library\PackageCache\com.unity.burst@1.8.21)
    com.unity.searcher@4.9.2 (location: D:\WorkWork\Assist\image_to_smart\.codex_tmp\w24-fresh-20260825-0628\project\Library\PackageCache\com.unity.searcher@4.9.2)
  Built-in packages:
    com.unity.2d.sprite@1.0.0 (location: D:\WorkWork\Assist\image_to_smart\.codex_tmp\w24-fresh-20260825-0628\project\Library\PackageCache\com.unity.2d.sprite@1.0.0)
    com.unity.modules.particlesystem@1.0.0 (location: D:\WorkWork\Assist\image_to_smart\.codex_tmp\w24-fresh-20260825-0628\project\Library\PackageCache\com.unity.modules.particlesystem@1.0.0)
    com.unity.modules.imageconversion@1.0.0 (location: D:\WorkWork\Assist\image_to_smart\.codex_tmp\w24-fresh-20260825-0628\project\Library\PackageCache\com.unity.modules.imageconversion@1.0.0)
    com.unity.render-pipelines.universal@14.0.12 (location: D:\WorkWork\Assist\image_to_smart\.codex_tmp\w24-fresh-20260825-0628\project\Library\PackageCache\com.unity.render-pipelines.universal@14.0.12)
    com.unity.modules.imgui@1.0.0 (location: D:\WorkWork\Assist\image_to_smart\.codex_tmp\w24-fresh-20260825-0628\project\Library\PackageCache\com.unity.modules.imgui@1.0.0)
    com.unity.modules.jsonserialize@1.0.0 (location: D:\WorkWork\Assist\image_to_smart\.codex_tmp\w24-fresh-20260825-0628\project\Library\PackageCache\com.unity.modules.jsonserialize@1.0.0)
    com.unity.render-pipelines.core@14.0.12 (location: D:\WorkWork\Assist\image_to_smart\.codex_tmp\w24-fresh-20260825-0628\project\Library\PackageCache\com.unity.render-pipelines.core@14.0.12)
    com.unity.shadergraph@14.0.12 (location: D:\WorkWork\Assist\image_to_smart\.codex_tmp\w24-fresh-20260825-0628\project\Library\PackageCache\com.unity.shadergraph@14.0.12)
    com.unity.render-pipelines.universal-config@14.0.10 (location: D:\WorkWork\Assist\image_to_smart\.codex_tmp\w24-fresh-20260825-0628\project\Library\PackageCache\com.unity.render-pipelines.universal-config@14.0.10)
    com.unity.ugui@1.0.0 (location: D:\WorkWork\Assist\image_to_smart\.codex_tmp\w24-fresh-20260825-0628\project\Library\PackageCache\com.unity.ugui@1.0.0)
    com.unity.modules.physics@1.0.0 (location: D:\WorkWork\Assist\image_to_smart\.codex_tmp\w24-fresh-20260825-0628\project\Library\PackageCache\com.unity.modules.physics@1.0.0)
    com.unity.modules.terrain@1.0.0 (location: D:\WorkWork\Assist\image_to_smart\.codex_tmp\w24-fresh-20260825-0628\project\Library\PackageCache\com.unity.modules.terrain@1.0.0)
    com.unity.modules.ui@1.0.0 (location: D:\WorkWork\Assist\image_to_smart\.codex_tmp\w24-fresh-20260825-0628\project\Library\PackageCache\com.unity.modules.ui@1.0.0)
  Embedded packages:
    com.vfxcomposer.unity@file:D:\WorkWork\Assist\image_to_smart\.codex_tmp\w24-fresh-20260825-0628\project\Packages\com.vfxcomposer.unity (location: D:\WorkWork\Assist\image_to_smart\.codex_tmp\w24-fresh-20260825-0628\project\Packages\com.vfxcomposer.unity)
[Subsystems] No new subsystems found in resolved package list.
Package Manager log level set to [2]
[Package Manager] Done registering packages in 0.06 seconds
Refreshing native plugins compatible for Editor in 14.12 ms, found 0 plugins.
Preloading 0 native plugins for Editor in 0.00 ms.
Initialize engine version: 2022.3.62f3c1 (1623fc0bbb97)
[Subsystems] Discovering subsystems at path E:/workwork/steamgamework/unit/2022.3.62f3c1/Editor/Data/Resources/UnitySubsystems
[Subsystems] Discovering subsystems at path D:/WorkWork/Assist/image_to_smart/.codex_tmp/w24-fresh-20260825-0628/project/Assets
Forcing GfxDevice: Null
GfxDevice: creating device client; threaded=0; jobified=0
NullGfxDevice:
    Version:  NULL 1.0 [1.0]
    Renderer: Null Device
    Vendor:   Unity Technologies
[Licensing::Client] Successfully resolved entitlement details
Initialize mono
Mono path[0] = 'E:/workwork/steamgamework/unit/2022.3.62f3c1/Editor/Data/Managed'
Mono path[1] = 'E:/workwork/steamgamework/unit/2022.3.62f3c1/Editor/Data/MonoBleedingEdge/lib/mono/unityjit-win32'
Mono config path = 'E:/workwork/steamgamework/unit/2022.3.62f3c1/Editor/Data/MonoBleedingEdge/etc'
Using monoOptions --debugger-agent=transport=dt_socket,embedding=1,server=y,suspend=n,address=127.0.0.1:56820
Using cacheserver namespaces - metadata:defaultmetadata, artifacts:defaultartifacts
Using cacheserver namespaces - metadata:defaultmetadata, artifacts:defaultartifacts
ImportWorker Server TCP listen port: 0
Begin MonoManager ReloadAssembly
Registering precompiled unity dll's ...
Register platform support module: E:/workwork/steamgamework/unit/2022.3.62f3c1/Editor/Data/PlaybackEngines/WindowsStandaloneSupport/UnityEditor.WindowsStandalone.Extensions.dll
Register platform support module: E:/workwork/steamgamework/unit/2022.3.62f3c1/Editor/Data/PlaybackEngines/LinuxStandaloneSupport/UnityEditor.LinuxStandalone.Extensions.dll
Registered in 0.004482 seconds.
- Loaded All Assemblies, in  0.288 seconds
Native extension for LinuxStandalone target not found
Native extension for WindowsStandalone target not found
Mono: successfully reloaded assembly
- Finished resetting the current domain, in  0.185 seconds
Domain Reload Profiling: 473ms
	BeginReloadAssembly (110ms)
		ExecutionOrderSort (0ms)
		DisableScriptedObjects (0ms)
		BackupInstance (0ms)
		ReleaseScriptingObjects (0ms)
		CreateAndSetChildDomain (1ms)
	RebuildCommonClasses (27ms)
	RebuildNativeTypeToScriptingClass (7ms)
	initialDomainReloadingComplete (42ms)
	LoadAllAssembliesAndSetupDomain (102ms)
		LoadAssemblies (110ms)
		RebuildTransferFunctionScriptingTraits (0ms)
		AnalyzeDomain (100ms)
			TypeCache.Refresh (98ms)
				TypeCache.ScanAssembly (88ms)
			ScanForSourceGeneratedMonoScriptInfo (0ms)
			ResolveRequiredComponents (1ms)
	FinalizeReload (186ms)
		ReleaseScriptCaches (0ms)
		RebuildScriptCaches (0ms)
		SetupLoadedEditorAssemblies (154ms)
			LogAssemblyErrors (0ms)
			InitializePlatformSupportModulesInManaged (11ms)
			SetLoadedEditorAssemblies (6ms)
			RefreshPlugins (0ms)
			BeforeProcessingInitializeOnLoad (1ms)
			ProcessInitializeOnLoadAttributes (104ms)
			ProcessInitializeOnLoadMethodAttributes (32ms)
			AfterProcessingInitializeOnLoad (0ms)
			EditorAssembliesLoaded (0ms)
		ExecutionOrderSort2 (0ms)
		AwakeInstancesAfterBackupRestoration (0ms)
[Licensing::Client] Successfully resolved entitlement details
Application.AssetDatabase Initial Refresh Start
Starting: E:\workwork\steamgamework\unit\2022.3.62f3c1\Editor\Data\bee_backend.exe --ipc --defer-dag-verification --dagfile="Library/Bee/1900b0aE.dag" --continue-on-failure --profile="Library/Bee/backend1.traceevents" ScriptAssemblies
WorkingDir: D:/WorkWork/Assist/image_to_smart/.codex_tmp/w24-fresh-20260825-0628/project
DisplayProgressbar: Compiling Scripts
ExitCode: 0 Duration: 0s285ms
[368/465    0s] ILPP-Configuration Library/ilpp-configuration.nevergeneratedoutput
*** Tundra build success (0.25 seconds), 1 items updated, 465 evaluated
AssetDatabase: script compilation time: 0.656713s
Begin MonoManager ReloadAssembly
- Loaded All Assemblies, in  0.390 seconds
Refreshing native plugins compatible for Editor in 0.91 ms, found 0 plugins.
Preloading 0 native plugins for Editor in 0.00 ms.
Refreshing native plugins compatible for Editor in 0.69 ms, found 0 plugins.
Native extension for LinuxStandalone target not found
Native extension for WindowsStandalone target not found
Mono: successfully reloaded assembly
- Finished resetting the current domain, in  1.586 seconds
Domain Reload Profiling: 1975ms
	BeginReloadAssembly (98ms)
		ExecutionOrderSort (0ms)
		DisableScriptedObjects (3ms)
		BackupInstance (0ms)
		ReleaseScriptingObjects (0ms)
		CreateAndSetChildDomain (17ms)
	RebuildCommonClasses (23ms)
	RebuildNativeTypeToScriptingClass (7ms)
	initialDomainReloadingComplete (18ms)
	LoadAllAssembliesAndSetupDomain (243ms)
		LoadAssemblies (222ms)
		RebuildTransferFunctionScriptingTraits (0ms)
		AnalyzeDomain (76ms)
			TypeCache.Refresh (60ms)
				TypeCache.ScanAssembly (50ms)
			ScanForSourceGeneratedMonoScriptInfo (10ms)
			ResolveRequiredComponents (5ms)
	FinalizeReload (1586ms)
		ReleaseScriptCaches (0ms)
		RebuildScriptCaches (0ms)
		SetupLoadedEditorAssemblies (1429ms)
			LogAssemblyErrors (0ms)
			InitializePlatformSupportModulesInManaged (5ms)
			SetLoadedEditorAssemblies (2ms)
			RefreshPlugins (0ms)
			BeforeProcessingInitializeOnLoad (35ms)
			ProcessInitializeOnLoadAttributes (1332ms)
			ProcessInitializeOnLoadMethodAttributes (52ms)
			AfterProcessingInitializeOnLoad (3ms)
			EditorAssembliesLoaded (0ms)
		ExecutionOrderSort2 (0ms)
		AwakeInstancesAfterBackupRestoration (4ms)
Asset Pipeline Refresh (id=7df0a881b8240e54593838710a363406): Total: 4.129 seconds - Initiated by InitialRefreshV2(ForceSynchronousImport)
	Summary:
		Imports: total=0 (actual=0, local cache=0, cache server=0)
		Asset DB Process Time: managed=0 ms, native=1438 ms
		Asset DB Callback time: managed=10 ms, native=0 ms
		Scripting: domain reloads=1, domain reload time=2004 ms, compile time=658 ms, other=17 ms
		Project Asset Count: scripts=3723, non-scripts=2401
		Asset File Changes: new=0, changed=0, moved=0, deleted=0
		Scan Filter Count: 0
	InvokeBeforeRefreshCallbacks: 0.355ms
	ApplyChangesToAssetFolders: 0.021ms
	Scan: 68.560ms
	OnSourceAssetsModified: 0.001ms
	GetAllGuidsForCategorization: 0.488ms
	CategorizeAssets: 104.344ms
	ImportOutOfDateAssets: 1603.882ms (934.870ms without children)
		CompileScripts: 658.228ms
		ReloadNativeAssets: 0.013ms
		UnloadImportedAssets: 8.588ms
		EnsureUptoDateAssetsAreRegisteredWithGuidPM: 1.291ms
		InitializingProgressBar: 0.000ms
		PostProcessAllAssetNotificationsAddChangedAssets: 0.001ms
		OnDemandSchedulerStart: 0.890ms
	PostProcessAllAssets: 10.444ms
	GatherAllCurrentPrimaryArtifactRevisions: 0.001ms
	UnloadStreamsBegin: 0.185ms
	PersistCurrentRevisions: 0.282ms
	UnloadStreamsEnd: 0.026ms
	GenerateScriptTypeHashes: 1.957ms
	Untracked: 2340.709ms
Application.AssetDatabase Initial Refresh End
Shader Hidden/ProbeVolume/VoxelizeScene is not supported: GPU does not support conservative rasterization
Shader Hidden/ProbeVolume/VoxelizeScene is not supported: GPU does not support conservative rasterization
Scanning for USB devices : 8.978ms
Initializing Unity extensions:
[MODES] ModeService[none].Initialize
[MODES] ModeService[none].LoadModes
[MODES] Loading mode Default (0) for mode-current-id-project
[PhysX] Initialized MultithreadedTaskDispatcher with 20 workers.
ProgressiveSceneManager::Cancel()
Unloading 64 Unused Serialized files (Serialized files now loaded: 0)
Unloading 121 unused Assets / (4.4 MB). Loaded Objects now: 3182.
Memory consumption went from 142.0 MB to 137.6 MB.
Total: 3.809100 ms (FindLiveObjects: 0.131400 ms CreateObjectMapping: 0.058400 ms MarkObjects: 2.512400 ms  DeleteObjects: 1.106300 ms)

Microsoft Media Foundation video decoding to texture disabled: graphics device is Null, only Direct3D 11 and Direct3D 12 (only on desktop) are supported for hardware-accelerated video decoding.
[Project] Loading completed in 7.740 seconds
	Project init time: 				5.719 seconds
		Template init time: 		0.000 seconds
		Package Manager init time: 		0.250 seconds
		Asset Database init time: 		0.485 seconds
		Global illumination init time: 	0.006 seconds
		Assemblies load time: 			0.483 seconds
		Unity extensions init time: 	0.002 seconds
		Asset Database refresh time: 	0.000 seconds
	Scene opening time: 			0.264 seconds
##utp:{"type":"ProjectInfo","version":2,"phase":"Immediate","time":1787668259609,"processId":34820,"projectLoad":7.7395277,"projectInit":5.7186841,"templateInit":0.0,"packageManagerInit":0.2502045,"assetDatabaseInit":0.4846207,"globalIlluminationInit":0.0059011,"assembliesLoad":0.4834568,"unityExtensionsInit":0.002191,"assetDatabaseRefresh":0.0,"sceneOpening":0.2637643}
##utp:{"type":"EditorInfo","version":2,"phase":"Immediate","time":1787668259609,"processId":34820,"editorVersion":"2022.3.62f3c1 (1623fc0bbb97)","branch":"2022.3/china_unity/release","buildType":"Release","platform":"Windows"}
Running tests for EditMode
With test filter: VFXComposer.Tests.EditMode.W24FirstFormalBuildTransactionTests
Executing tests with settings: test mode = EditMode
UnityEngine.StackTraceUtility:ExtractStackTrace ()
UnityEngine.DebugLogHandler:LogFormat (UnityEngine.LogType,UnityEngine.Object,string,object[])
UnityEngine.Logger:Log (UnityEngine.LogType,object)
UnityEngine.Debug:Log (object)
UnityEditor.TestTools.TestRunner.CommandLineTest.Executer:InitializeAndExecuteRun (string[]) (at ./Library/PackageCache/com.unity.test-framework@1.1.33/UnityEditor.TestRunner/CommandLineTest/Executer.cs:47)
UnityEditor.TestTools.TestRunner.CommandLineTest.TestStarter:UpdateWatch () (at ./Library/PackageCache/com.unity.test-framework@1.1.33/UnityEditor.TestRunner/CommandLineTest/TestStarter.cs:50)
UnityEditor.EditorApplication:Internal_CallUpdateFunctions ()

(Filename: ./Library/PackageCache/com.unity.test-framework@1.1.33/UnityEditor.TestRunner/CommandLineTest/Executer.cs Line: 47)

[UnityConnectServicesConfig] config is NOT valid, switching to default
Created GICache directory at C:/Users/admin/AppData/LocalLow/Unity/Caches/GiCache. Took: 0.014s, timestamps: [7.749 - 7.763]
gi::BakeBackendSwitch: switching bake backend from 3 to 1.
GfxDevice renderer is null. Unity cannot update the Ambient Probe and Reflection Probes that the SkyManager generates. Run the Editor without the -nographics argument or generate lighting for your scene.
[PhysX] Initialized MultithreadedTaskDispatcher with 20 workers.
Unloading 1 Unused Serialized files (Serialized files now loaded: 0)
Unloading 0 unused Assets / (0 B). Loaded Objects now: 3199.
Memory consumption went from 122.4 MB to 122.4 MB.
Total: 4.042500 ms (FindLiveObjects: 0.100300 ms CreateObjectMapping: 0.248400 ms MarkObjects: 3.687000 ms  DeleteObjects: 0.006100 ms)

GfxDevice renderer is null. Unity cannot update the Ambient Probe and Reflection Probes that the SkyManager generates. Run the Editor without the -nographics argument or generate lighting for your scene.
Asset Pipeline Refresh (id=8b208d89d5decc24f935bd6828c3c899): Total: 0.019 seconds - Initiated by RefreshV2(NoUpdateAssetOptions)
Start importing Assets/VFX/Effects/W24TransactionTests using Guid(7d9649db11a8d2d40a2c842a619a1ee6) Importer(-1,00000000000000000000000000000000) [PhysX] Initialized MultithreadedTaskDispatcher with 20 workers.
 -> (artifact id: 'e5cf417c914348eb1f17eafd8e94fbf7') in 0.013683 seconds
Start importing Assets/VFX/Effects/W24TransactionTests/w24_transaction_7013e2f0d2b444629e44ea77b7f95739 using Guid(87e206464b8f32e4fb4e4dc4bb902063) Importer(-1,00000000000000000000000000000000) [PhysX] Initialized MultithreadedTaskDispatcher with 20 workers.
 -> (artifact id: '6e57c606268ac3015a291b48338e62fc') in 0.009445 seconds
Refreshing native plugins compatible for Editor in 0.72 ms, found 0 plugins.
Preloading 0 native plugins for Editor in 0.00 ms.
Asset Pipeline Refresh (id=503d2a24a35251e499c78531cea4128a): Total: 0.071 seconds - Initiated by StopAssetImportingV2(NoUpdateAssetOptions)
Start importing Assets/VFX/Preview/W24TransactionTests using Guid(fb4d57fd4f610214baa00c024b4ebdb5) Importer(-1,00000000000000000000000000000000) [PhysX] Initialized MultithreadedTaskDispatcher with 20 workers.
 -> (artifact id: '60dc9d10291ee7990d219df1a50258f8') in 0.011241 seconds
Start importing Assets/VFX/Preview/W24TransactionTests/w24_transaction_7013e2f0d2b444629e44ea77b7f95739.unity using Guid(3c2a7bfd4d1b6f8c0e5a9b3d7f1c468a) Importer(-1,00000000000000000000000000000000) [PhysX] Initialized MultithreadedTaskDispatcher with 20 workers.
 -> (artifact id: '474834cb56e389d2911446ee2bbacc3a') in 0.000610 seconds
Refreshing native plugins compatible for Editor in 0.97 ms, found 0 plugins.
Preloading 0 native plugins for Editor in 0.00 ms.
Asset Pipeline Refresh (id=5723e0a46aaa97b4f8440dc0f28b4c1b): Total: 0.031 seconds - Initiated by StopAssetImportingV2(NoUpdateAssetOptions)
Start importing Assets/VFX/Recipes/W24TransactionTests using Guid(0fff72f6e486bcb4fbd306548e486c24) Importer(-1,00000000000000000000000000000000) [PhysX] Initialized MultithreadedTaskDispatcher with 20 workers.
 -> (artifact id: '455e90aa338165d1c1a151a5991ce3bc') in 0.010238 seconds
Start importing Assets/VFX/Recipes/W24TransactionTests/w24_transaction_7013e2f0d2b444629e44ea77b7f95739.json using Guid(2b1f6aec3c0a5e7b9d4f8a2c6e0b3579) Importer(-1,00000000000000000000000000000000) [PhysX] Initialized MultithreadedTaskDispatcher with 20 workers.
 -> (artifact id: '0303a60c73ecaa49a73cfe9ee2a68df2') in 0.001371 seconds
Refreshing native plugins compatible for Editor in 0.66 ms, found 0 plugins.
Preloading 0 native plugins for Editor in 0.00 ms.
Asset Pipeline Refresh (id=c9c06038c6a275b41bccec3947c0c547): Total: 0.030 seconds - Initiated by StopAssetImportingV2(NoUpdateAssetOptions)
Refreshing native plugins compatible for Editor in 0.72 ms, found 0 plugins.
Preloading 0 native plugins for Editor in 0.00 ms.
Asset Pipeline Refresh (id=6491a4c06f4abf14dae19dbf5774d85a): Total: 0.036 seconds - Initiated by RefreshV2(NoUpdateAssetOptions)
Asset Pipeline Refresh (id=932dcd15aa67f1e4996f57ed5984f5a5): Total: 0.021 seconds - Initiated by RefreshV2(NoUpdateAssetOptions)
Asset Pipeline Refresh (id=e96800051e130724ca5058cbe5d5db40): Total: 0.020 seconds - Initiated by RefreshV2(NoUpdateAssetOptions)
Asset Pipeline Refresh (id=0d2bd3ab61761da42b6bcf1dde228f54): Total: 0.028 seconds - Initiated by RefreshV2(NoUpdateAssetOptions)
[PhysX] Initialized MultithreadedTaskDispatcher with 20 workers.
Unloading 0 Unused Serialized files (Serialized files now loaded: 0)
Unloading 8 unused Assets / (4.1 KB). Loaded Objects now: 3204.
Memory consumption went from 121.4 MB to 121.4 MB.
Total: 4.110300 ms (FindLiveObjects: 0.130400 ms CreateObjectMapping: 0.061900 ms MarkObjects: 3.891700 ms  DeleteObjects: 0.025400 ms)

Saving results to: D:\WorkWork\Assist\image_to_smart\.codex_tmp\w24-stage-regression-results\r5\first-formal-transaction.xml
[PhysX] Initialized MultithreadedTaskDispatcher with 20 workers.
Input System module state changed to: ShutdownInProgress.
Input System polling thread exited.
Input System module state changed to: Shutdown.
[Licensing::IpcConnector] LicenseClient-admin-2022.3.62-notifications channel disconnected successfully.
[Licensing::IpcConnector] LicenseClient-admin-2022.3.62 channel disconnected successfully.
Cleanup mono
[Performance] WinEditorMain                                                                                                                        :        1 samples, Peak.  1.74 s (1.0x), Avg.  1.74 s, Total. 1.743 s (18.6%)
[Performance] WinEditorMain.ConfigureCrashHandler                                                                                                  :        1 samples, Peak.  19.6 us (1.0x), Avg.  19.6 us, Total. 19.60 us (0.0%)
[Performance] WinEditorMain.CurlRequestInitialize                                                                                                  :        1 samples, Peak.   297 us (1.0x), Avg.   297 us, Total. 297.3 us (0.0%)
[Performance] WinEditorMain.SetupLogFile                                                                                                           :        1 samples, Peak.   224 us (1.0x), Avg.   224 us, Total. 223.6 us (0.0%)
[Performance] WinEditorMain.RunNativeTestsIfRequiredAndExit                                                                                        :        1 samples, Peak. 100.0 ns (1.0x), Avg. 100.0 ns, Total. 100.00 ns (0.0%)
[Performance] WinEditorMain.Licensing                                                                                                              :        1 samples, Peak.  1.67 s (1.0x), Avg.  1.67 s, Total. 1.666 s (17.8%)
[Performance] WinEditorMain.InitializeCrashHandler                                                                                                 :        1 samples, Peak.  12.6 ms (1.0x), Avg.  12.6 ms, Total. 12.56 ms (0.1%)
[Performance] WinEditorMain.CreateApplication                                                                                                      :        1 samples, Peak.  19.2 ms (1.0x), Avg.  19.2 ms, Total. 19.18 ms (0.2%)
[Performance] Application.InitializeProject                                                                                                        :        1 samples, Peak.  5.72 s (1.0x), Avg.  5.72 s, Total. 5.719 s (61.0%)
[Performance] Application.PackageManager.StartServer                                                                                               :        1 samples, Peak.  5.82 ms (1.0x), Avg.  5.82 ms, Total. 5.822 ms (0.1%)
[Performance] Application.AcquireProjectLock                                                                                                       :        1 samples, Peak.  2.57 ms (1.0x), Avg.  2.57 ms, Total. 2.572 ms (0.0%)
[Performance] Application.InitializeEngineNoGraphics                                                                                               :        1 samples, Peak.  52.7 ms (1.0x), Avg.  52.7 ms, Total. 52.66 ms (0.6%)
[Performance] Application.PackageManager.Initialize                                                                                                :        1 samples, Peak.   250 ms (1.0x), Avg.   250 ms, Total. 250.2 ms (2.7%)
[Performance] Connecting to Package Manager                                                                                                        :       26 samples, Peak.  50.4 us (15.2x), Avg.  3.32 us, Total. 86.40 us (0.0%)
[Performance] Application.EngineGraphics.Initialize                                                                                                :        1 samples, Peak.  35.4 ms (1.0x), Avg.  35.4 ms, Total. 35.41 ms (0.4%)
[Performance] Application.GI.Initialize                                                                                                            :        1 samples, Peak.  5.90 ms (1.0x), Avg.  5.90 ms, Total. 5.903 ms (0.1%)
[Performance] Application.LoadAllDefaultResourcesFromEditor                                                                                        :        1 samples, Peak.  1.66 ms (1.0x), Avg.  1.66 ms, Total. 1.659 ms (0.0%)
[Performance] Application.LoadMonoAssemblies                                                                                                       :        1 samples, Peak.   483 ms (1.0x), Avg.   483 ms, Total. 483.5 ms (5.2%)
[Performance] RestoreManagedReferences                                                                                                             :        2 samples, Peak.  75.9 ms (2.0x), Avg.  37.9 ms, Total. 75.88 ms (0.8%)
[Performance] InitializeOnLoad DrivenRectTransformUndo                                                                                             :        2 samples, Peak.   375 us (1.1x), Avg.   328 us, Total. 656.9 us (0.0%)
[Performance] InitializeOnLoad SceneSearch                                                                                                         :        2 samples, Peak.   100 us (1.1x), Avg.  92.5 us, Total. 184.9 us (0.0%)
[Performance] InitializeOnLoad CloudBuild                                                                                                          :        2 samples, Peak.  3.20 us (1.2x), Avg.  2.65 us, Total. 5.300 us (0.0%)
[Performance] InitializeOnLoad NativeFormatImporterUtility                                                                                         :        2 samples, Peak.  2.27 ms (1.3x), Avg.  1.78 ms, Total. 3.558 ms (0.0%)
[Performance] InitializeOnLoad SearchService                                                                                                       :        2 samples, Peak.  82.2 us (1.0x), Avg.  80.4 us, Total. 160.9 us (0.0%)
[Performance] InitializeOnLoad SettingsService                                                                                                     :        2 samples, Peak.  7.30 us (1.3x), Avg.  5.70 us, Total. 11.40 us (0.0%)
[Performance] InitializeOnLoad WindowLayout                                                                                                        :        2 samples, Peak.   580 us (1.2x), Avg.   504 us, Total. 1.008 ms (0.0%)
[Performance] InitializeOnLoad AssetStoreContext                                                                                                   :        2 samples, Peak.  20.8 ms (1.1x), Avg.  19.2 ms, Total. 38.35 ms (0.4%)
[Performance] InitializeOnLoad PoolManager                                                                                                         :        2 samples, Peak.   508 us (1.1x), Avg.   447 us, Total. 894.7 us (0.0%)
[Performance] InitializeOnLoad MixerEffectDefinitionReloader                                                                                       :        2 samples, Peak.  1.81 ms (1.1x), Avg.  1.69 ms, Total. 3.377 ms (0.0%)
[Performance] InitializeOnLoad ProjectSearch                                                                                                       :        2 samples, Peak.  85.8 us (1.4x), Avg.  61.9 us, Total. 123.8 us (0.0%)
[Performance] InitializeOnLoad UISystemProfilerRenderService                                                                                       :        2 samples, Peak.  7.60 us (1.2x), Avg.  6.25 us, Total. 12.50 us (0.0%)
[Performance] InitializeOnLoad EditMode                                                                                                            :        2 samples, Peak.   381 us (1.1x), Avg.   334 us, Total. 668.1 us (0.0%)
[Performance] InitializeOnLoad UnityConnect                                                                                                        :        2 samples, Peak.   108 us (1.5x), Avg.  71.1 us, Total. 142.1 us (0.0%)
[Performance] InitializeOnLoad ManagedDebugger                                                                                                     :        2 samples, Peak.   395 us (1.6x), Avg.   255 us, Total. 509.4 us (0.0%)
[Performance] InitializeOnLoad ShortcutIntegration                                                                                                 :        2 samples, Peak.  42.0 us (1.0x), Avg.  41.6 us, Total. 83.20 us (0.0%)
[Performance] InitializeOnLoad AddComponentWindow                                                                                                  :        2 samples, Peak.  76.1 us (1.1x), Avg.  70.4 us, Total. 140.8 us (0.0%)
[Performance] InitializeOnLoad ManagedDebuggerWindow                                                                                               :        2 samples, Peak.  82.7 us (1.0x), Avg.  80.3 us, Total. 160.5 us (0.0%)
[Performance] InitializeOnLoad CacheServerWindow                                                                                                   :        2 samples, Peak.  6.70 us (1.2x), Avg.  5.45 us, Total. 10.90 us (0.0%)
[Performance] InitializeOnLoad PlayModeDownload                                                                                                    :        2 samples, Peak.  4.59 ms (1.9x), Avg.  2.36 ms, Total. 4.721 ms (0.1%)
[Performance] InitializeOnLoad MenuItems                                                                                                           :        2 samples, Peak.  77.8 us (1.2x), Avg.  63.5 us, Total. 127.0 us (0.0%)
[Performance] InitializeOnLoad PrefabInstanceChangedListener                                                                                       :        2 samples, Peak.  95.1 us (1.1x), Avg.  87.9 us, Total. 175.9 us (0.0%)
[Performance] InitializeOnLoad ObjectSelectorSearch                                                                                                :        2 samples, Peak.  29.1 us (1.1x), Avg.  25.9 us, Total. 51.90 us (0.0%)
[Performance] InitializeOnLoad EditorMonitor                                                                                                       :        2 samples, Peak.   519 us (1.3x), Avg.   405 us, Total. 810.1 us (0.0%)
[Performance] InitializeOnLoad RetainedMode                                                                                                        :        2 samples, Peak.  1.97 ms (1.1x), Avg.  1.77 ms, Total. 3.535 ms (0.0%)
[Performance] InitializeOnLoad EditorShaderLoader                                                                                                  :        2 samples, Peak.   463 us (1.1x), Avg.   418 us, Total. 837.0 us (0.0%)
[Performance] InitializeOnLoad EditorDelegateRegistration                                                                                          :        2 samples, Peak.   394 us (1.2x), Avg.   329 us, Total. 658.6 us (0.0%)
[Performance] InitializeOnLoad UIDocumentHierarchyWatcher                                                                                          :        2 samples, Peak.  50.0 us (1.0x), Avg.  48.6 us, Total. 97.10 us (0.0%)
[Performance] InitializeOnLoad LiveReloadTrackerCreator                                                                                            :        2 samples, Peak.   151 us (1.3x), Avg.   120 us, Total. 239.8 us (0.0%)
[Performance] InitializeOnLoad UxmlObjectEditorFactories                                                                                           :        2 samples, Peak.   351 us (1.1x), Avg.   326 us, Total. 652.4 us (0.0%)
[Performance] InitializeOnLoad UXMLEditorFactories                                                                                                 :        2 samples, Peak.  41.4 ms (1.0x), Avg.  40.0 ms, Total. 80.00 ms (0.9%)
[Performance] InitializeOnLoad PurchasingService                                                                                                   :        2 samples, Peak.  6.15 ms (1.0x), Avg.  5.89 ms, Total. 11.78 ms (0.1%)
[Performance] InitializeOnLoad CloudBuildPoller                                                                                                    :        2 samples, Peak.  82.1 us (1.0x), Avg.  79.1 us, Total. 158.2 us (0.0%)
[Performance] InitializeOnLoad EditorGameServicesAnalytics                                                                                         :        2 samples, Peak.  3.03 ms (1.8x), Avg.  1.65 ms, Total. 3.306 ms (0.0%)
[Performance] InitializeOnLoad AnalyticsService                                                                                                    :        2 samples, Peak.   179 us (1.2x), Avg.   152 us, Total. 304.5 us (0.0%)
[Performance] InitializeOnLoad BuildService                                                                                                        :        2 samples, Peak.   107 us (1.1x), Avg.   100 us, Total. 200.8 us (0.0%)
[Performance] InitializeOnLoad AdsService                                                                                                          :        2 samples, Peak.   280 us (1.0x), Avg.   270 us, Total. 540.0 us (0.0%)
[Performance] InitializeOnLoad UDPService                                                                                                          :        2 samples, Peak.   110 us (1.1x), Avg.   103 us, Total. 205.0 us (0.0%)
[Performance] InitializeOnLoad CrashService                                                                                                        :        2 samples, Peak.  97.2 us (1.0x), Avg.  93.7 us, Total. 187.4 us (0.0%)
[Performance] InitializeOnLoad ServicesRepository                                                                                                  :        2 samples, Peak.   300 ns (1.0x), Avg.   300 ns, Total. 600.0 ns (0.0%)
[Performance] InitializeOnLoad SearchWindow                                                                                                        :        2 samples, Peak.   106 us (1.2x), Avg.  91.4 us, Total. 182.7 us (0.0%)
[Performance] InitializeOnLoad CustomIndexers                                                                                                      :        2 samples, Peak.  14.0 ms (1.2x), Avg.  12.0 ms, Total. 23.98 ms (0.3%)
[Performance] InitializeOnLoad SearchMonitor                                                                                                       :        2 samples, Peak.   886 us (1.1x), Avg.   792 us, Total. 1.585 ms (0.0%)
[Performance] InitializeOnLoad ParameterControllerEditor                                                                                           :        2 samples, Peak.  16.6 us (1.3x), Avg.  13.2 us, Total. 26.40 us (0.0%)
[Performance] InitializeOnLoad LayerSettingsWindow                                                                                                 :        2 samples, Peak.  15.7 us (1.7x), Avg.  9.45 us, Total. 18.90 us (0.0%)
[Performance] InitializeOnLoad PackageManagerHookGUIDConverter.RegisterPackagesEventHandler                                                        :        2 samples, Peak.   615 us (1.8x), Avg.   351 us, Total. 702.1 us (0.0%)
[Performance] InitializeOnLoad EditorDragAndDrop.RegisterEditorClient                                                                              :        2 samples, Peak.   176 us (1.1x), Avg.   154 us, Total. 308.2 us (0.0%)
[Performance] InitializeOnLoad EditorEventCallbacks.InitializeFontAssetResourceChangeCallBacks                                                     :        2 samples, Peak.   814 us (1.0x), Avg.   783 us, Total. 1.567 ms (0.0%)
[Performance] InitializeOnLoad SceneTemplateService.Init                                                                                           :        2 samples, Peak.   949 us (1.1x), Avg.   843 us, Total. 1.687 ms (0.0%)
[Performance] InitializeOnLoad DiagnosticSwitchesConsoleMessage.Init                                                                               :        2 samples, Peak.  3.43 ms (1.6x), Avg.  2.09 ms, Total. 4.187 ms (0.0%)
[Performance] InitializeOnLoad MemoryProfilerCompilationGuard.InjectCompileGuard                                                                   :        2 samples, Peak.   117 us (1.3x), Avg.  87.2 us, Total. 174.5 us (0.0%)
[Performance] InitializeOnLoad EditorWindow.Initialize                                                                                             :        2 samples, Peak.   171 us (1.1x), Avg.   157 us, Total. 313.6 us (0.0%)
[Performance] InitializeOnLoad AssetPostprocessingInternal.RefreshCustomDependencies                                                               :        2 samples, Peak.  3.59 ms (1.6x), Avg.  2.31 ms, Total. 4.620 ms (0.0%)
[Performance] InitializeOnLoad SysrootManager.Initialize                                                                                           :        2 samples, Peak.  11.9 us (1.1x), Avg.  11.0 us, Total. 22.10 us (0.0%)
[Performance] InitializeOnLoad PackageManagerWindow.EditorInitializedInSafeMode                                                                    :        2 samples, Peak.  17.3 ms (2.0x), Avg.  8.72 ms, Total. 17.44 ms (0.2%)
[Performance] InitializeOnLoad ToolShortcutContext.Init                                                                                            :        2 samples, Peak.  94.3 us (1.0x), Avg.  89.9 us, Total. 179.8 us (0.0%)
[Performance] InitializeOnLoad SceneVisibilityManager.Initialize                                                                                   :        2 samples, Peak.  3.47 ms (1.7x), Avg.  2.03 ms, Total. 4.062 ms (0.0%)
[Performance] InitializeOnLoad ScopedRegistryAddedPopup.SubscribeToRegistriesAdded                                                                 :        2 samples, Peak.  5.73 ms (2.0x), Avg.  2.90 ms, Total. 5.797 ms (0.1%)
[Performance] AssemblyReloadEvents.afterAssemblyReload: UnityEditor.SceneTemplate.SceneTemplateService.AfterAssemblyReload                         :        2 samples, Peak.  4.23 ms (1.9x), Avg.  2.27 ms, Total. 4.535 ms (0.0%)
[Performance] ProcessService.EditorAfterLoadAllAssemblies                                                                                          :        2 samples, Peak.   265 us (1.2x), Avg.   229 us, Total. 457.2 us (0.0%)
[Performance] Application.ReadLicenseInfo                                                                                                          :        1 samples, Peak.  13.0 ms (1.0x), Avg.  13.0 ms, Total. 13.03 ms (0.1%)
[Performance] Application.InitialRefresh                                                                                                           :        1 samples, Peak.  4.13 s (1.0x), Avg.  4.13 s, Total. 4.131 s (44.1%)
[Performance] Compiling Scripts                                                                                                                    :        1 samples, Peak.   657 ms (1.0x), Avg.   657 ms, Total. 656.8 ms (7.0%)
[Performance] AssemblyReloadEvents.beforeAssemblyReload: UnityEditor.SceneTemplate.SceneTemplateService.BeforeAssemblyReload                       :        1 samples, Peak.   407 us (1.0x), Avg.   407 us, Total. 407.1 us (0.0%)
[Performance] InitializeOnLoad S14SlashWysiwygCapture                                                                                              :        1 samples, Peak.   227 us (1.0x), Avg.   227 us, Total. 227.2 us (0.0%)
[Performance] InitializeOnLoad BurstLoader                                                                                                         :        1 samples, Peak.  1.23 s (1.0x), Avg.  1.23 s, Total. 1.232 s (13.1%)
[Performance] InitializeOnLoad ShadowCasterGroup2DManager                                                                                          :        1 samples, Peak.  80.0 us (1.0x), Avg.  80.0 us, Total. 80.00 us (0.0%)
[Performance] InitializeOnLoad ProbeGIBaking                                                                                                       :        1 samples, Peak.  1.82 ms (1.0x), Avg.  1.82 ms, Total. 1.817 ms (0.0%)
[Performance] InitializeOnLoad FilterWindow                                                                                                        :        1 samples, Peak.  28.2 us (1.0x), Avg.  28.2 us, Total. 28.20 us (0.0%)
[Performance] InitializeOnLoad RealtimeProbeSubdivisionDebug                                                                                       :        1 samples, Peak.   219 us (1.0x), Avg.   219 us, Total. 218.9 us (0.0%)
[Performance] InitializeOnLoad NodeClassCache                                                                                                      :        1 samples, Peak.  30.5 us (1.0x), Avg.  30.5 us, Total. 30.50 us (0.0%)
[Performance] InitializeOnLoad ShaderGraphMaterialsUpdater                                                                                         :        2 samples, Peak.   304 us (1.7x), Avg.   178 us, Total. 356.8 us (0.0%)
[Performance] InitializeOnLoad PrefabLayoutRebuilder                                                                                               :        1 samples, Peak.   364 us (1.0x), Avg.   364 us, Total. 364.5 us (0.0%)
[Performance] InitializeOnLoad SpriteEditorWindow                                                                                                  :        1 samples, Peak.  1.19 ms (1.0x), Avg.  1.19 ms, Total. 1.194 ms (0.0%)
[Performance] InitializeOnLoad BackgroundWatcher                                                                                                   :        1 samples, Peak.   355 us (1.0x), Avg.   355 us, Total. 355.2 us (0.0%)
[Performance] InitializeOnLoad UnityTestProtocolStarter                                                                                            :        1 samples, Peak.   170 us (1.0x), Avg.   170 us, Total. 170.3 us (0.0%)
[Performance] InitializeOnLoad TestStarter                                                                                                         :        1 samples, Peak.  1.74 ms (1.0x), Avg.  1.74 ms, Total. 1.744 ms (0.0%)
[Performance] InitializeOnLoad RerunCallbackInitializer                                                                                            :        1 samples, Peak.  1.71 ms (1.0x), Avg.  1.71 ms, Total. 1.713 ms (0.0%)
[Performance] InitializeOnLoad Renderer2DAnalytics                                                                                                 :        1 samples, Peak.  65.7 us (1.0x), Avg.  65.7 us, Total. 65.70 us (0.0%)
[Performance] InitializeOnLoad EditorToolManager                                                                                                   :        1 samples, Peak.  1.56 ms (1.0x), Avg.  1.56 ms, Total. 1.555 ms (0.0%)
[Performance] InitializeOnLoad MaterialReimporter.RegisterUpgraderReimport                                                                         :        2 samples, Peak.   878 us (2.0x), Avg.   449 us, Total. 898.7 us (0.0%)
[Performance] InitializeOnLoad SysrootPackage.IssueWarningIfLinuxIL2CPPNotPresent                                                                  :        1 samples, Peak.   204 us (1.0x), Avg.   204 us, Total. 203.9 us (0.0%)
[Performance] InitializeOnLoad TestJobDataHolder.ResumeRunningJobs                                                                                 :        1 samples, Peak.   614 us (1.0x), Avg.   614 us, Total. 613.8 us (0.0%)
[Performance] InitializeOnLoad AnalyticsReporter.RegisterCallbacks                                                                                 :        1 samples, Peak.   168 us (1.0x), Avg.   168 us, Total. 168.3 us (0.0%)
[Performance] InitializeOnLoad DebugManagerWindowLifetimeAnalytic.SubscribeToDebugManagerOpenCloseWindows                                          :        1 samples, Peak.   564 us (1.0x), Avg.   564 us, Total. 564.2 us (0.0%)
[Performance] InitializeOnLoad CoreRenderPipelinePreferences.InitPreferenceProviders                                                               :        1 samples, Peak.  38.2 ms (1.0x), Avg.  38.2 ms, Total. 38.19 ms (0.4%)
[Performance] InitializeOnLoad VolumeGizmoDrawer.InitVolumeGizmoCallbacks                                                                          :        1 samples, Peak.   284 us (1.0x), Avg.   284 us, Total. 284.4 us (0.0%)
[Performance] DidReloadScriptsTestRunnerWindow.CompilationCallback                                                                                 :        1 samples, Peak.   679 us (1.0x), Avg.   679 us, Total. 679.0 us (0.0%)
[Performance] DidReloadScriptsTestListCache.ScriptReloaded                                                                                         :        1 samples, Peak.   877 us (1.0x), Avg.   877 us, Total. 877.4 us (0.0%)
[Performance] DidReloadScriptsLookDev.OnEditorReload                                                                                               :        1 samples, Peak.   167 us (1.0x), Avg.   167 us, Total. 167.2 us (0.0%)
[Performance] DidReloadScriptsDebugWindow.OnEditorReload                                                                                           :        1 samples, Peak.  11.9 ms (1.0x), Avg.  11.9 ms, Total. 11.93 ms (0.1%)
[Performance] DidReloadScriptsVolumeComponentEditor.OnEditorReload                                                                                 :        1 samples, Peak.  17.3 ms (1.0x), Avg.  17.3 ms, Total. 17.33 ms (0.2%)
[Performance] DidReloadScriptsAdvancedDropdownWindow.OnScriptReload                                                                                :        1 samples, Peak.   204 us (1.0x), Avg.   204 us, Total. 204.4 us (0.0%)
[Performance] UniversalRenderPipelineGlobalSettingsPostprocessor.OnPostprocessAllAssets                                                            :       10 samples, Peak.  1.27 ms (5.1x), Avg.   249 us, Total. 2.487 ms (0.0%)
[Performance] SyncVS.PostprocessSyncProject                                                                                                        :        5 samples, Peak.  1.08 ms (4.6x), Avg.   235 us, Total. 1.174 ms (0.0%)
[Performance] Application.ImportPackagesAndSetTemplateWhenCreatingProject                                                                          :        1 samples, Peak.  11.3 ms (1.0x), Avg.  11.3 ms, Total. 11.33 ms (0.1%)
[Performance] Application.SyncCurrentColorSpace                                                                                                    :        1 samples, Peak.  12.4 ms (1.0x), Avg.  12.4 ms, Total. 12.45 ms (0.1%)
[Performance] Application.OnUsbDevicesChanged                                                                                                      :        1 samples, Peak.  9.03 ms (1.0x), Avg.  9.03 ms, Total. 9.025 ms (0.1%)
[Performance] Application.AssetInstanceCacheUpdate                                                                                                 :        1 samples, Peak.   400 ns (1.0x), Avg.   400 ns, Total. 400.0 ns (0.0%)
[Performance] Application.UnityExtensions.Initialize                                                                                               :        1 samples, Peak.  2.19 ms (1.0x), Avg.  2.19 ms, Total. 2.192 ms (0.0%)
[Performance] CodeEditorProjectSync.SyncEditorProject                                                                                              :        1 samples, Peak.   119 us (1.0x), Avg.   119 us, Total. 118.6 us (0.0%)
[Performance] Application.ExecuteStartups                                                                                                          :        1 samples, Peak.  61.1 ms (1.0x), Avg.  61.1 ms, Total. 61.14 ms (0.7%)
[Performance] Menu.RegisterMenuInterface                                                                                                           :       26 samples, Peak.  1.10 us (6.5x), Avg.   169 ns, Total. 4.400 us (0.0%)
[Performance] Gizmo.RebuildRenderers                                                                                                               :        1 samples, Peak.  60.2 ms (1.0x), Avg.  60.2 ms, Total. 60.20 ms (0.6%)
[Performance] Gizmo.AddGizmoRenderers                                                                                                              :       61 samples, Peak.  17.9 ms (58.2x), Avg.   308 us, Total. 18.77 ms (0.2%)
[Performance] Application.editorInitializingProject                                                                                                :        1 samples, Peak.  12.3 us (1.0x), Avg.  12.3 us, Total. 12.30 us (0.0%)
[Performance] Application.FinishLoadingProject                                                                                                     :        1 samples, Peak.   264 ms (1.0x), Avg.   264 ms, Total. 263.8 ms (2.8%)
[Performance] Application.InitializeMenu                                                                                                           :        1 samples, Peak.  57.6 ms (1.0x), Avg.  57.6 ms, Total. 57.56 ms (0.6%)
[Performance] Menu.RebuildAll                                                                                                                      :        1 samples, Peak.  57.6 ms (1.0x), Avg.  57.6 ms, Total. 57.55 ms (0.6%)
[Performance] Menu.BuildRegisteredMenuInterfaces                                                                                                   :        1 samples, Peak.  53.6 ms (1.0x), Avg.  53.6 ms, Total. 53.55 ms (0.6%)
[Performance] Menu.FilterMenuItem                                                                                                                  :      744 samples, Peak.  29.2 ms (736.1x), Avg.  39.7 us, Total. 29.53 ms (0.3%)
[Performance] UpdateAllMenus                                                                                                                       :        1 samples, Peak.   552 us (1.0x), Avg.   552 us, Total. 551.5 us (0.0%)
[Performance] Menu.RebuildOSMainMenu                                                                                                               :        1 samples, Peak.  3.19 ms (1.0x), Avg.  3.19 ms, Total. 3.189 ms (0.0%)
[Performance] EditorSceneManager.sceneClosing: UnityEditor.SceneVisibilityManager.EditorSceneManagerOnSceneClosing                                 :        3 samples, Peak.   246 us (2.9x), Avg.  85.2 us, Total. 255.7 us (0.0%)
[Performance] GUIView.RepaintAll.PlayerLoopController                                                                                              :        5 samples, Peak.  1.80 us (1.9x), Avg.   960 ns, Total. 4.800 us (0.0%)
[Performance] EditorSceneManager.newSceneCreated: UnityEditor.SceneTemplate.SceneTemplateService.OnNewSceneCreated                                 :        3 samples, Peak.   211 us (3.0x), Avg.  71.4 us, Total. 214.2 us (0.0%)
[Performance] EditorSceneManager.newSceneCreated: UnityEditor.SceneVisibilityManager.EditorSceneManagerOnNewSceneCreated                           :        3 samples, Peak.   159 us (2.7x), Avg.  59.0 us, Total. 177.1 us (0.0%)
[Performance] EditorSceneManager.newSceneCreated: UnityEditor.SceneManagement.StageNavigationManager.OnNewSceneCreated                             :        3 samples, Peak.  45.8 us (2.9x), Avg.  16.0 us, Total. 47.90 us (0.0%)
[Performance] Application.InvokeFinishedLoadingProject                                                                                             :        1 samples, Peak.   169 ms (1.0x), Avg.   169 ms, Total. 169.3 ms (1.8%)
[Performance] ProcessService.OnProjectLoaded                                                                                                       :        1 samples, Peak.  42.1 us (1.0x), Avg.  42.1 us, Total. 42.10 us (0.0%)
[Performance] VersionControl.Task.Wait                                                                                                             :        1 samples, Peak.  7.60 us (1.0x), Avg.  7.60 us, Total. 7.600 us (0.0%)
[Performance] Application.InvokeProjectWasLoaded                                                                                                   :        1 samples, Peak.  32.8 us (1.0x), Avg.  32.8 us, Total. 32.80 us (0.0%)
[Performance] Application.Message                                                                                                                  :       28 samples, Peak.   290 us (19.8x), Avg.  14.6 us, Total. 409.5 us (0.0%)
[Performance] Application.Message.Timer                                                                                                            :        4 samples, Peak.  44.0 us (1.2x), Avg.  35.7 us, Total. 142.6 us (0.0%)
[Performance] Application.Message.WM_0031F                                                                                                         :        1 samples, Peak.  16.1 us (1.0x), Avg.  16.1 us, Total. 16.10 us (0.0%)
[Performance] Application.Tick                                                                                                                     :       27 samples, Peak.   165 ms (6.2x), Avg.  26.5 ms, Total. 716.7 ms (7.6%)
[Performance] CheckLicensingClient                                                                                                                 :        1 samples, Peak.  8.40 us (1.0x), Avg.  8.40 us, Total. 8.400 us (0.0%)
[Performance] CheckLicensingClientNotification                                                                                                     :        1 samples, Peak. 10.00 us (1.0x), Avg. 10.00 us, Total. 10.000 us (0.0%)
[Performance] LicenseActivated.Tick                                                                                                                :        1 samples, Peak.  9.00 us (1.0x), Avg.  9.00 us, Total. 9.000 us (0.0%)
[Performance] Application.TickVersionControl                                                                                                       :       28 samples, Peak.  3.30 us (2.7x), Avg.  1.24 us, Total. 34.80 us (0.0%)
[Performance] MonoCompiler.Tick                                                                                                                    :        3 samples, Peak.  6.00 us (1.1x), Avg.  5.53 us, Total. 16.60 us (0.0%)
[Performance] UnityConnect.Tick                                                                                                                    :        7 samples, Peak.  5.79 ms (6.9x), Avg.   844 us, Total. 5.910 ms (0.1%)
[Performance] UnityVersionControl.Tick                                                                                                             :        7 samples, Peak.   900 ns (3.3x), Avg.   271 ns, Total. 1.900 us (0.0%)
[Performance] CurlRequest.Tick                                                                                                                     :        6 samples, Peak.   205 us (4.7x), Avg.  44.0 us, Total. 263.9 us (0.0%)
[Performance] HubClient.Tick                                                                                                                       :        6 samples, Peak.   500 ns (2.5x), Avg.   200 ns, Total. 1.200 us (0.0%)
[Performance] AssetDatabase.Tick                                                                                                                   :        6 samples, Peak.   106 us (5.9x), Avg.  17.9 us, Total. 107.7 us (0.0%)
[Performance] SceneBackgroundTask.Tick                                                                                                             :        5 samples, Peak.   300 ns (1.7x), Avg.   180 ns, Total. 900.0 ns (0.0%)
[Performance] Scheduler.Tick                                                                                                                       :       13 samples, Peak.  2.17 ms (12.6x), Avg.   172 us, Total. 2.239 ms (0.0%)
[Performance] RepaintAllProfilerWindows                                                                                                            :        2 samples, Peak.   292 us (2.0x), Avg.   146 us, Total. 292.8 us (0.0%)
[Performance] PlayerUpdates.Tick                                                                                                                   :        7 samples, Peak.  19.8 us (1.3x), Avg.  15.4 us, Total. 108.0 us (0.0%)
[Performance] Application.TickGlobalCallbacks                                                                                                      :       28 samples, Peak.  27.7 ms (24.2x), Avg.  1.14 ms, Total. 31.99 ms (0.3%)
[Performance] CoreBusinessMetrics.Tick                                                                                                             :        1 samples, Peak.  45.6 us (1.0x), Avg.  45.6 us, Total. 45.60 us (0.0%)
[Performance] EditorAnalytics.Tick                                                                                                                 :        3 samples, Peak.  7.40 us (2.7x), Avg.  2.70 us, Total. 8.100 us (0.0%)
[Performance] GI.Tick                                                                                                                              :        7 samples, Peak.  3.04 ms (6.0x), Avg.   511 us, Total. 3.576 ms (0.0%)
[Performance] Video.Update                                                                                                                         :       28 samples, Peak.  2.30 us (3.4x), Avg.   682 ns, Total. 19.10 us (0.0%)
[Performance] UnitySynchronization.ExecuteTasks                                                                                                    :        7 samples, Peak.  4.10 us (1.4x), Avg.  2.86 us, Total. 20.00 us (0.0%)
[Performance] Application.TickPreloadManager                                                                                                       :       28 samples, Peak.  13.1 us (2.8x), Avg.  4.74 us, Total. 132.8 us (0.0%)
[Performance] Application.TickProgress                                                                                                             :       28 samples, Peak.  3.08 ms (27.0x), Avg.   114 us, Total. 3.188 ms (0.0%)
[Performance] Application.TickSceneTracker                                                                                                         :       27 samples, Peak.   152 ms (6.5x), Avg.  23.3 ms, Total. 627.8 ms (6.7%)
[Performance] EditorApplication.update                                                                                                             :       27 samples, Peak.   152 ms (6.6x), Avg.  23.2 ms, Total. 627.6 ms (6.7%)
[Performance] EditorApplication.update: UnityEngine.Rendering.ProbeSubdivisionContext+RealtimeProbeSubdivisionDebug.UpdateRealtimeSubdivisionDebug :       28 samples, Peak.  2.56 ms (27.6x), Avg.  93.0 us, Total. 2.604 ms (0.0%)
[Performance] EditorApplication.update: UnityEditor.TestTools.TestRunner.CommandLineTest.TestStarter.UpdateWatch                                   :        1 samples, Peak.  78.1 ms (1.0x), Avg.  78.1 ms, Total. 78.08 ms (0.8%)
[Performance] EditorApplication.update: callback in UnityEditor.Rendering.Universal.MaterialReimporter                                             :       28 samples, Peak.  1.16 ms (25.7x), Avg.  44.9 us, Total. 1.258 ms (0.0%)
[Performance] EditorApplication.update: UnityEditor.PackageManager.UI.Internal.ApplicationProxy.OnUpdate                                           :       28 samples, Peak.   729 us (25.8x), Avg.  28.2 us, Total. 790.9 us (0.0%)
[Performance] EditorApplication.update: UnityEditor.SceneManagement.StageNavigationManager.Update                                                  :       28 samples, Peak.   390 us (27.1x), Avg.  14.4 us, Total. 402.9 us (0.0%)
[Performance] ConsoleLog.Tick                                                                                                                      :        3 samples, Peak.   205 us (2.7x), Avg.  74.9 us, Total. 224.7 us (0.0%)
[Performance] HierarchyWindow.Tick                                                                                                                 :        5 samples, Peak.   837 us (4.4x), Avg.   191 us, Total. 952.8 us (0.0%)
[Performance] EditorApplication.hierarchyChanged: Unity.UIElements.Editor.UIDocumentHierarchyWatcher.OnHierarchyChanged                            :        2 samples, Peak.   311 us (1.9x), Avg.   162 us, Total. 324.0 us (0.0%)
[Performance] Inspector.Tick                                                                                                                       :        5 samples, Peak.  39.4 ms (5.0x), Avg.  7.88 ms, Total. 39.42 ms (0.4%)
[Performance] EditorApplication.delayCall: UnityEditor.ShortcutManagement.ShortcutIntegration.EnsureShortcutsAreInitialized                        :        1 samples, Peak.  38.0 ms (1.0x), Avg.  38.0 ms, Total. 37.99 ms (0.4%)
[Performance] EditorApplication.delayCall: callback in UnityEditor.EditorWindow                                                                    :        1 samples, Peak.  1.10 ms (1.0x), Avg.  1.10 ms, Total. 1.099 ms (0.0%)
[Performance] EditorApplication.delayCall: callback in UnityEditor.EditorTools.ToolShortcutContext                                                 :        1 samples, Peak.   110 us (1.0x), Avg.   110 us, Total. 109.7 us (0.0%)
[Performance] EditorApplication.delayCall: callback in UnityEditor.SceneVisibilityManager                                                          :        1 samples, Peak.  31.6 us (1.0x), Avg.  31.6 us, Total. 31.60 us (0.0%)
[Performance] Tooltip.Tick                                                                                                                         :        6 samples, Peak.  98.5 us (3.2x), Avg.  30.6 us, Total. 183.6 us (0.0%)
[Performance] Application.RequestRepaintForPanels                                                                                                  :       27 samples, Peak.   328 us (21.8x), Avg.  15.1 us, Total. 406.4 us (0.0%)
[Performance] Application.UpdateScene                                                                                                              :       27 samples, Peak.   156 us (5.7x), Avg.  27.2 us, Total. 735.1 us (0.0%)
[Performance] Application.UpdateTextureStreaming                                                                                                   :       27 samples, Peak.   800 ns (2.7x), Avg.   296 ns, Total. 8.000 us (0.0%)
[Performance] Application.UpdateVideoTextures                                                                                                      :       27 samples, Peak.   600 ns (2.7x), Avg.   219 ns, Total. 5.900 us (0.0%)
[Performance] PackageImporter.Tick                                                                                                                 :        3 samples, Peak.   600 ns (2.0x), Avg.   300 ns, Total. 900.0 ns (0.0%)
[Performance] InspectorBackground.Tick                                                                                                             :        4 samples, Peak.  1.60 us (1.9x), Avg.   850 ns, Total. 3.400 us (0.0%)
[Performance] BurstDebug.Tick                                                                                                                      :        2 samples, Peak.   600 ns (1.2x), Avg.   500 ns, Total. 1000.0 ns (0.0%)
[Performance] Application.ChangeLayoutIfNeeded                                                                                                     :       27 samples, Peak.   100 ns (1.8x), Avg.  55.6 ns, Total. 1.500 us (0.0%)
[Performance] AsyncReadManager.ForceCloseFiles                                                                                                     :        1 samples, Peak.  34.0 us (1.0x), Avg.  34.0 us, Total. 34.00 us (0.0%)
[Performance] EditorApplication.update: UnityEditor.TestTools.TestRunner.TestRun.TestJobRunner.ExecuteStep                                         :       27 samples, Peak.   152 ms (8.0x), Avg.  19.0 ms, Total. 513.3 ms (5.5%)
[Performance] GUIView.RepaintAll.RepaintScene                                                                                                      :       25 samples, Peak.  2.70 us (4.9x), Avg.   556 ns, Total. 13.90 us (0.0%)
[Performance] Application.Idle                                                                                                                     :       14 samples, Peak.  3.63 ms (1.5x), Avg.  2.40 ms, Total. 33.64 ms (0.4%)
[Performance] EditorApplication.update: UnityEditor.TestTools.TestRunner.EditModeRunnerCallback.DisplayProgressBar                                 :        7 samples, Peak.   183 us (6.9x), Avg.  26.5 us, Total. 185.5 us (0.0%)
[Performance] EditorApplication.update: UnityEditor.TestTools.TestRunner.EditModeRunner.TestConsumer                                               :        6 samples, Peak.  8.04 ms (1.6x), Avg.  4.92 ms, Total. 29.51 ms (0.3%)
[Performance] AssetDatabase.Refresh                                                                                                                :        5 samples, Peak.  36.3 ms (1.5x), Avg.  24.8 ms, Total. 124.0 ms (1.3%)
[Performance] AssetDatabase.ImportAsset                                                                                                            :        3 samples, Peak.  74.8 ms (1.5x), Avg.  51.0 ms, Total. 153.0 ms (1.6%)
[Performance] MaterialModificationProcessor.OnWillCreateAsset                                                                                      :        8 samples, Peak.   241 us (3.7x), Avg.  65.8 us, Total. 526.1 us (0.0%)
[Performance] BuilderAssetModificationProcessor.OnWillCreateAsset                                                                                  :        4 samples, Peak.   403 us (3.8x), Avg.   106 us, Total. 423.1 us (0.0%)
[Performance] ShaderImporter.SourceAssetModified                                                                                                   :        4 samples, Peak.   800 ns (1.3x), Avg.   625 ns, Total. 2.500 us (0.0%)
[Performance] ShaderIncludeImporter.SourceAssetModified                                                                                            :        4 samples, Peak.  1.90 us (2.1x), Avg.   900 ns, Total. 3.600 us (0.0%)
[Performance] PresetManagerPostProcessor.OnPreprocessAsset                                                                                         :        6 samples, Peak.   324 us (4.5x), Avg.  71.8 us, Total. 431.1 us (0.0%)
[Performance] CancelSplashScreenOnAssetChange.OnPreprocessAsset                                                                                    :        6 samples, Peak.   127 us (5.6x), Avg.  22.9 us, Total. 137.3 us (0.0%)
[Performance] ShaderGraphAssetPostProcessor.OnPreprocessAsset                                                                                      :        6 samples, Peak.   152 us (5.5x), Avg.  27.5 us, Total. 165.1 us (0.0%)
[Performance] AssetDatabase.ImportAssets                                                                                                           :        6 samples, Peak.  1.70 us (2.2x), Avg.   767 ns, Total. 4.600 us (0.0%)
[Performance] BuilderAssetPostprocessor.OnPostprocessAllAssets                                                                                     :        8 samples, Peak.  3.07 ms (3.9x), Avg.   791 us, Total. 6.332 ms (0.1%)
[Performance] ArtifactBrowserPostProcessor.OnPostprocessAllAssets                                                                                  :        8 samples, Peak.   478 us (3.9x), Avg.   122 us, Total. 972.1 us (0.0%)
[Performance] AssetEvents.OnPostprocessAllAssets                                                                                                   :       16 samples, Peak.   159 us (5.7x), Avg.  28.1 us, Total. 449.6 us (0.0%)
[Performance] AudioMixerPostprocessor.OnPostprocessAllAssets                                                                                       :        8 samples, Peak.   246 us (3.9x), Avg.  63.0 us, Total. 504.0 us (0.0%)
[Performance] StyleCatalogPostProcessor.OnPostprocessAllAssets                                                                                     :        8 samples, Peak.  14.5 ms (4.0x), Avg.  3.63 ms, Total. 29.01 ms (0.3%)
[Performance] BuildCatalog                                                                                                                         :        1 samples, Peak.  13.6 ms (1.0x), Avg.  13.6 ms, Total. 13.58 ms (0.1%)
[Performance] ModelImporterPostProcessor.OnPostprocessAllAssets                                                                                    :        8 samples, Peak.   892 us (3.9x), Avg.   230 us, Total. 1.844 ms (0.0%)
[Performance] MaterialPostprocessor.OnPostprocessAllAssets                                                                                         :       16 samples, Peak.   483 us (4.4x), Avg.   109 us, Total. 1.741 ms (0.0%)
[Performance] RetainedModeAssetPostprocessor.OnPostprocessAllAssets                                                                                :        8 samples, Peak.  1.61 ms (3.7x), Avg.   439 us, Total. 3.511 ms (0.0%)
[Performance] AssetChangedListener.OnPostprocessAllAssets                                                                                          :        8 samples, Peak.  1.62 ms (3.1x), Avg.   523 us, Total. 4.187 ms (0.0%)
[Performance] PostProcessor.OnPostprocessAllAssets                                                                                                 :        8 samples, Peak.   434 us (3.7x), Avg.   118 us, Total. 941.5 us (0.0%)
[Performance] ShaderGraphAssetPostProcessor.OnPostprocessAllAssets                                                                                 :        8 samples, Peak.  1.48 ms (2.7x), Avg.   538 us, Total. 4.303 ms (0.0%)
[Performance] SpeedTreePostProcessor.OnPostprocessAllAssets                                                                                        :        8 samples, Peak.   165 us (3.5x), Avg.  46.4 us, Total. 371.5 us (0.0%)
[Performance] TextAssetPostProcessor.OnPostprocessAllAssets                                                                                        :        8 samples, Peak.   372 us (3.9x), Avg.  96.0 us, Total. 768.3 us (0.0%)
[Performance] SpriteEditorTexturePostprocessor.OnPostprocessAllAssets                                                                              :        8 samples, Peak.   268 us (3.2x), Avg.  82.6 us, Total. 660.9 us (0.0%)
[Performance] EditorApplication.projectChanged: UnityEditor.Audio.MixerEffectDefinitionReloader.OnProjectChanged                                   :        4 samples, Peak.   292 us (1.1x), Avg.   272 us, Total. 1.090 ms (0.0%)
[Performance] Application.Shutdown.SaveDefaultWindowPreferences                                                                                    :        1 samples, Peak.   119 us (1.0x), Avg.   119 us, Total. 119.2 us (0.0%)
[Performance] Application.Shutdown.SaveSceneManagerSetup                                                                                           :        1 samples, Peak.   227 us (1.0x), Avg.   227 us, Total. 227.5 us (0.0%)
[Performance] Application.Shutdown.CleanupAllContainerWindows                                                                                      :        1 samples, Peak.   800 ns (1.0x), Avg.   800 ns, Total. 800.0 ns (0.0%)
[Performance] EditorApplication.quitting: Unity.Burst.Editor.BurstLoader.OnEditorApplicationQuitting                                               :        1 samples, Peak.  33.6 us (1.0x), Avg.  33.6 us, Total. 33.60 us (0.0%)
[Performance] EditorApplication.quitting: callback in UnityEditor.TextCore.Text.EditorEventCallbacks                                               :        1 samples, Peak.  19.6 ms (1.0x), Avg.  19.6 ms, Total. 19.63 ms (0.2%)
[Performance] Application.Shutdown.PauseProfilerSession                                                                                            :        1 samples, Peak.  25.8 us (1.0x), Avg.  25.8 us, Total. 25.80 us (0.0%)
[Performance] Application.Shutdown.PauseAssetImportWorkers                                                                                         :        1 samples, Peak.   198 us (1.0x), Avg.   198 us, Total. 198.3 us (0.0%)
[Performance] Application.Shutdown.SaveAssets                                                                                                      :        1 samples, Peak.  4.02 ms (1.0x), Avg.  4.02 ms, Total. 4.015 ms (0.0%)
[Performance] BuilderAssetModificationProcessor.OnWillSaveAssets                                                                                   :        1 samples, Peak.   194 us (1.0x), Avg.   194 us, Total. 194.4 us (0.0%)
[Performance] TerrainModificationProcessor.OnWillSaveAssets                                                                                        :        1 samples, Peak.   558 us (1.0x), Avg.   558 us, Total. 557.6 us (0.0%)
[Performance] Application.Shutdown.CleanupRenderPipeline                                                                                           :        1 samples, Peak.  6.10 us (1.0x), Avg.  6.10 us, Total. 6.100 us (0.0%)
[Performance] Application.Shutdown.StopPreloadManager                                                                                              :        1 samples, Peak.  9.75 ms (1.0x), Avg.  9.75 ms, Total. 9.747 ms (0.1%)
[Performance] Application.Shutdown.DestroyWorld                                                                                                    :        1 samples, Peak.   457 us (1.0x), Avg.   457 us, Total. 457.1 us (0.0%)
[Performance] Application.Shutdown.CleanupAfterLoad                                                                                                :        1 samples, Peak.   116 ms (1.0x), Avg.   116 ms, Total. 116.2 ms (1.2%)
[Performance] Application.Shutdown.Progress                                                                                                        :        1 samples, Peak.  3.10 us (1.0x), Avg.  3.10 us, Total. 3.100 us (0.0%)
[Performance] Application.Shutdown.GICleanupManagers                                                                                               :        1 samples, Peak.   489 us (1.0x), Avg.   489 us, Total. 488.7 us (0.0%)
[Performance] Application.Shutdown.MenuCleanupClass                                                                                                :        1 samples, Peak.   171 us (1.0x), Avg.   171 us, Total. 171.5 us (0.0%)
[Performance] Application.Shutdown.ADBSaveStateBeforeShutdown                                                                                      :        1 samples, Peak.  7.70 us (1.0x), Avg.  7.70 us, Total. 7.700 us (0.0%)
[Performance] Application.Shutdown.RemoteShutdown                                                                                                  :        1 samples, Peak.   700 ns (1.0x), Avg.   700 ns, Total. 700.0 ns (0.0%)
[Performance] Application.Shutdown.CleanupVCProvider                                                                                               :        1 samples, Peak.  10.4 us (1.0x), Avg.  10.4 us, Total. 10.40 us (0.0%)
[Performance] Application.Shutdown.InputShutdown                                                                                                   :        1 samples, Peak.   400 ns (1.0x), Avg.   400 ns, Total. 400.0 ns (0.0%)
[Performance] Application.Shutdown.GizmoManagerDestroy                                                                                             :        1 samples, Peak.   497 us (1.0x), Avg.   497 us, Total. 497.1 us (0.0%)
[Performance] Application.Shutdown.ProfilerSession                                                                                                 :        1 samples, Peak.   161 us (1.0x), Avg.   161 us, Total. 161.4 us (0.0%)
[Performance] Application.Shutdown.ReleaseGfxWindowOnAllGUIViews                                                                                   :        1 samples, Peak.   400 ns (1.0x), Avg.   400 ns, Total. 400.0 ns (0.0%)
[Performance] Application.Shutdown.CleanupEngine                                                                                                   :        1 samples, Peak.  65.0 ms (1.0x), Avg.  65.0 ms, Total. 65.01 ms (0.7%)
[Performance] Application.Shutdown.CleanupAssetDatabase                                                                                            :        1 samples, Peak.  5.35 ms (1.0x), Avg.  5.35 ms, Total. 5.351 ms (0.1%)
[Performance] Application.Shutdown.ScriptCompilationCleanUp                                                                                        :        1 samples, Peak.  20.1 ms (1.0x), Avg.  20.1 ms, Total. 20.15 ms (0.2%)
[Performance] Application.Shutdown.DestroyJobSystem                                                                                                :        1 samples, Peak.   267 us (1.0x), Avg.   267 us, Total. 266.8 us (0.0%)
[Performance] Application.Shutdown.CleanupPersistentManager                                                                                        :        1 samples, Peak.   770 us (1.0x), Avg.   770 us, Total. 769.5 us (0.0%)
[Performance] Application.Shutdown.CleanupAsyncReadManager                                                                                         :        1 samples, Peak.  1.30 ms (1.0x), Avg.  1.30 ms, Total. 1.304 ms (0.0%)
[Performance] Application.Shutdown.CleanupProgressBar                                                                                              :        1 samples, Peak.   300 ns (1.0x), Avg.   300 ns, Total. 300.0 ns (0.0%)
[Performance] Application.Shutdown.CleanupMono                                                                                                     :        1 samples, Peak.  81.9 ms (1.0x), Avg.  81.9 ms, Total. 81.94 ms (0.9%)
[Performance] Application.Shutdown.CleanupStdConverters                                                                                            :        1 samples, Peak.  9.60 us (1.0x), Avg.  9.60 us, Total. 9.600 us (0.0%)
[Performance] Application.Shutdown.UnloadAllPlatformSupportModuleNativeDlls                                                                        :        1 samples, Peak.   800 ns (1.0x), Avg.   800 ns, Total. 800.0 ns (0.0%)
[Performance] Application.Shutdown.UnloadAllPlatformSupportNativeLibraries                                                                         :        1 samples, Peak. 100.0 ns (1.0x), Avg. 100.0 ns, Total. 100.00 ns (0.0%)
[Performance] Application.Shutdown.CleanupAutoDocumentation                                                                                        :        1 samples, Peak.   306 us (1.0x), Avg.   306 us, Total. 305.7 us (0.0%)
[Performance] Application.Shutdown.ShaderNameManagerDestroy                                                                                        :        1 samples, Peak.  39.8 us (1.0x), Avg.  39.8 us, Total. 39.80 us (0.0%)
[Performance] Application.Shutdown.CleanupCacheServer                                                                                              :        1 samples, Peak. 100.0 ns (1.0x), Avg. 100.0 ns, Total. 100.00 ns (0.0%)
[Performance] Application.Shutdown.Virtualization_Shutdown                                                                                         :        1 samples, Peak.   200 ns (1.0x), Avg.   200 ns, Total. 200.0 ns (0.0%)
[Performance] Application.Shutdown.DevConnections                                                                                                  :        1 samples, Peak.   222 us (1.0x), Avg.   222 us, Total. 222.2 us (0.0%)
Checking for leaked weakptr:
  Found no leaked weakptrs.
[Package Manager] Server::Kill -- Server was shutdown
Memory Statistics:
[ALLOC_TEMP_TLS] TLS Allocator
  StackAllocators : 
    [ALLOC_TEMP_CurlRequest]
      Initial Block Size 64.0 KB
      Current Block Size 64.0 KB
      Peak Allocated Bytes 0 B
      Overflow Count 0
    [ALLOC_TEMP_MAIN]
      Peak usage frame count: [0.5 MB-1.0 MB]: 1 frames, [8.0 MB-16.0 MB]: 1 frames
      Initial Block Size 16.0 MB
      Current Block Size 16.0 MB
      Peak Allocated Bytes 9.8 MB
      Overflow Count 0
    [ALLOC_TEMP_Job.Worker 18]
      Initial Block Size 256.0 KB
      Current Block Size 256.0 KB
      Peak Allocated Bytes 1.9 KB
      Overflow Count 0
    [ALLOC_TEMP_Background Job.Worker 8]
      Initial Block Size 32.0 KB
      Current Block Size 32.0 KB
      Peak Allocated Bytes 54 B
      Overflow Count 0
    [ALLOC_TEMP_Job.Worker 4]
      Initial Block Size 256.0 KB
      Current Block Size 0.9 MB
      Peak Allocated Bytes 0.9 MB
      Overflow Count 1
    [ALLOC_TEMP_AUDIO_FMOD mixer thread]
      Initial Block Size 64.0 KB
      Current Block Size 64.0 KB
      Peak Allocated Bytes 54 B
      Overflow Count 0
    [ALLOC_TEMP_BakingJobs.Worker 5]
      Initial Block Size 256.0 KB
      Current Block Size 256.0 KB
      Peak Allocated Bytes 54 B
      Overflow Count 0
    [ALLOC_TEMP_BakingJobs.Worker 10]
      Initial Block Size 256.0 KB
      Current Block Size 256.0 KB
      Peak Allocated Bytes 54 B
      Overflow Count 0
    [ALLOC_TEMP_Background Job.Worker 3]
      Initial Block Size 32.0 KB
      Current Block Size 32.0 KB
      Peak Allocated Bytes 54 B
      Overflow Count 0
    [ALLOC_TEMP_BatchDeleteObjects]
      Initial Block Size 64.0 KB
      Current Block Size 64.0 KB
      Peak Allocated Bytes 54 B
      Overflow Count 0
    [ALLOC_TEMP_Background Job.Worker 11]
      Initial Block Size 32.0 KB
      Current Block Size 32.0 KB
      Peak Allocated Bytes 54 B
      Overflow Count 0
    [ALLOC_TEMP_REST Message Handler]
      Initial Block Size 64.0 KB
      Current Block Size 64.0 KB
      Peak Allocated Bytes 54 B
      Overflow Count 0
    [ALLOC_TEMP_CoreBusinessMetricsCache]
      Initial Block Size 64.0 KB
      Current Block Size 64.0 KB
      Peak Allocated Bytes 8.0 KB
      Overflow Count 0
    [ALLOC_TEMP_Job.Worker 13]
      Initial Block Size 256.0 KB
      Current Block Size 256.0 KB
      Peak Allocated Bytes 1.8 KB
      Overflow Count 1
    [ALLOC_TEMP_Background Job.Worker 2]
      Initial Block Size 32.0 KB
      Current Block Size 32.0 KB
      Peak Allocated Bytes 1.9 KB
      Overflow Count 0
    [ALLOC_TEMP_AssetDatabase.IOService]
      Initial Block Size 64.0 KB
      Current Block Size 64.0 KB
      Peak Allocated Bytes 54 B
      Overflow Count 0
    [ALLOC_TEMP_Job.Worker 10]
      Initial Block Size 256.0 KB
      Current Block Size 0.9 MB
      Peak Allocated Bytes 0.9 MB
      Overflow Count 0
    [ALLOC_TEMP_Job.Worker 15]
      Initial Block Size 256.0 KB
      Current Block Size 256.0 KB
      Peak Allocated Bytes 1.8 KB
      Overflow Count 1
    [ALLOC_TEMP_Job.Worker 12]
      Initial Block Size 256.0 KB
      Current Block Size 256.0 KB
      Peak Allocated Bytes 2.0 KB
      Overflow Count 0
    [ALLOC_TEMP_Loading.PreloadManager]
      Initial Block Size 32.0 MB
      Current Block Size 32.0 MB
      Peak Allocated Bytes 54 B
      Overflow Count 0
    [ALLOC_TEMP_Profiler.Dispatcher]
      Initial Block Size 64.0 KB
      Current Block Size 64.0 KB
      Peak Allocated Bytes 0 B
      Overflow Count 0
    [ALLOC_TEMP_Job.Worker 14]
      Initial Block Size 256.0 KB
      Current Block Size 256.0 KB
      Peak Allocated Bytes 1.8 KB
      Overflow Count 0
    [ALLOC_TEMP_Job.Worker 3]
      Initial Block Size 256.0 KB
      Current Block Size 0.9 MB
      Peak Allocated Bytes 0.9 MB
      Overflow Count 0
    [ALLOC_TEMP_BakingJobs.Worker 7]
      Initial Block Size 256.0 KB
      Current Block Size 256.0 KB
      Peak Allocated Bytes 54 B
      Overflow Count 0
    [ALLOC_TEMP_Job.Worker 17]
      Initial Block Size 256.0 KB
      Current Block Size 256.0 KB
      Peak Allocated Bytes 2.0 KB
      Overflow Count 0
    [ALLOC_TEMP_Background Job.Worker 5]
      Initial Block Size 32.0 KB
      Current Block Size 32.0 KB
      Peak Allocated Bytes 54 B
      Overflow Count 0
    [ALLOC_TEMP_CurlRequest]
      Initial Block Size 64.0 KB
      Current Block Size 64.0 KB
      Peak Allocated Bytes 1.9 KB
      Overflow Count 0
    [ALLOC_TEMP_Background Job.Worker 13]
      Initial Block Size 32.0 KB
      Current Block Size 32.0 KB
      Peak Allocated Bytes 54 B
      Overflow Count 0
    [ALLOC_TEMP_Job.Worker 2]
      Initial Block Size 256.0 KB
      Current Block Size 256.0 KB
      Peak Allocated Bytes 2.0 KB
      Overflow Count 1
    [ALLOC_TEMP_BakingJobs.Worker 6]
      Initial Block Size 256.0 KB
      Current Block Size 256.0 KB
      Peak Allocated Bytes 54 B
      Overflow Count 0
    [ALLOC_TEMP_Job.Worker 11]
      Initial Block Size 256.0 KB
      Current Block Size 256.0 KB
      Peak Allocated Bytes 2.0 KB
      Overflow Count 0
    [ALLOC_TEMP_Job.Worker 0]
      Initial Block Size 256.0 KB
      Current Block Size 256.0 KB
      Peak Allocated Bytes 1.8 KB
      Overflow Count 0
    [ALLOC_TEMP_Job.Worker 5]
      Initial Block Size 256.0 KB
      Current Block Size 0.9 MB
      Peak Allocated Bytes 0.9 MB
      Overflow Count 1
    [ALLOC_TEMP_Job.Worker 6]
      Initial Block Size 256.0 KB
      Current Block Size 0.9 MB
      Peak Allocated Bytes 0.9 MB
      Overflow Count 1
    [ALLOC_TEMP_Background Job.Worker 9]
      Initial Block Size 32.0 KB
      Current Block Size 32.0 KB
      Peak Allocated Bytes 54 B
      Overflow Count 0
    [ALLOC_TEMP_BakingJobs.Worker 8]
      Initial Block Size 256.0 KB
      Current Block Size 256.0 KB
      Peak Allocated Bytes 54 B
      Overflow Count 0
    [ALLOC_TEMP_Job.Worker 9]
      Initial Block Size 256.0 KB
      Current Block Size 0.9 MB
      Peak Allocated Bytes 0.9 MB
      Overflow Count 1
    [ALLOC_TEMP_DirMonitor]
      Initial Block Size 64.0 KB
      Current Block Size 64.0 KB
      Peak Allocated Bytes 8.1 KB
      Overflow Count 0
    [ALLOC_TEMP_BakingJobs.Worker 1]
      Initial Block Size 256.0 KB
      Current Block Size 256.0 KB
      Peak Allocated Bytes 0.6 KB
      Overflow Count 0
    [ALLOC_TEMP_Loading.AsyncRead]
      Initial Block Size 64.0 KB
      Current Block Size 64.0 KB
      Peak Allocated Bytes 128 B
      Overflow Count 0
    [ALLOC_TEMP_Background Job.Worker 10]
      Initial Block Size 32.0 KB
      Current Block Size 32.0 KB
      Peak Allocated Bytes 54 B
      Overflow Count 0
    [ALLOC_TEMP_Background Job.Worker 6]
      Initial Block Size 32.0 KB
      Current Block Size 32.0 KB
      Peak Allocated Bytes 54 B
      Overflow Count 0
    [ALLOC_TEMP_BakingJobs.Worker 9]
      Initial Block Size 256.0 KB
      Current Block Size 256.0 KB
      Peak Allocated Bytes 54 B
      Overflow Count 0
    [ALLOC_TEMP_AUDIO_FMOD (WASAPI) feeder thread]
      Initial Block Size 64.0 KB
      Current Block Size 64.0 KB
      Peak Allocated Bytes 168 B
      Overflow Count 0
    [ALLOC_TEMP_Job.Worker 16]
      Initial Block Size 256.0 KB
      Current Block Size 256.0 KB
      Peak Allocated Bytes 1.9 KB
      Overflow Count 1
    [ALLOC_TEMP_Background Job.Worker 1]
      Initial Block Size 32.0 KB
      Current Block Size 216.0 KB
      Peak Allocated Bytes 170.6 KB
      Overflow Count 2
    [ALLOC_TEMP_BakingJobs.Worker 11]
      Initial Block Size 256.0 KB
      Current Block Size 256.0 KB
      Peak Allocated Bytes 54 B
      Overflow Count 0
    [ALLOC_TEMP_AUDIO_FMOD stream thread]
      Initial Block Size 64.0 KB
      Current Block Size 64.0 KB
      Peak Allocated Bytes 54 B
      Overflow Count 0
    [ALLOC_TEMP_BakingJobs.Worker 2]
      Initial Block Size 256.0 KB
      Current Block Size 256.0 KB
      Peak Allocated Bytes 54 B
      Overflow Count 0
    [ALLOC_TEMP_Background Job.Worker 7]
      Initial Block Size 32.0 KB
      Current Block Size 32.0 KB
      Peak Allocated Bytes 54 B
      Overflow Count 0
    [ALLOC_TEMP_Job.Worker 8]
      Initial Block Size 256.0 KB
      Current Block Size 0.9 MB
      Peak Allocated Bytes 0.9 MB
      Overflow Count 0
    [ALLOC_TEMP_Job.Worker 1]
      Initial Block Size 256.0 KB
      Current Block Size 1.0 MB
      Peak Allocated Bytes 1.0 MB
      Overflow Count 0
    [ALLOC_TEMP_BakingJobs.Worker 0]
      Initial Block Size 256.0 KB
      Current Block Size 256.0 KB
      Peak Allocated Bytes 54 B
      Overflow Count 0
    [ALLOC_TEMP_BakingJobs.Worker 3]
      Initial Block Size 256.0 KB
      Current Block Size 256.0 KB
      Peak Allocated Bytes 54 B
      Overflow Count 0
    [ALLOC_TEMP_EditorTaskManager]
      Initial Block Size 64.0 KB
      Current Block Size 68.0 KB
      Peak Allocated Bytes 64.0 KB
      Overflow Count 0
    [ALLOC_TEMP_Background Job.Worker 15]
      Initial Block Size 32.0 KB
      Current Block Size 32.0 KB
      Peak Allocated Bytes 54 B
      Overflow Count 0
    [ALLOC_TEMP_BakingJobs.Worker 4]
      Initial Block Size 256.0 KB
      Current Block Size 256.0 KB
      Peak Allocated Bytes 54 B
      Overflow Count 0
    [ALLOC_TEMP_Background Job.Worker 12]
      Initial Block Size 32.0 KB
      Current Block Size 32.0 KB
      Peak Allocated Bytes 54 B
      Overflow Count 0
    [ALLOC_TEMP_HTTP REST Server]
      Initial Block Size 64.0 KB
      Current Block Size 64.0 KB
      Peak Allocated Bytes 152 B
      Overflow Count 0
    [ALLOC_TEMP_AssetGarbageCollectorHelper] x 19
      Initial Block Size 64.0 KB
      Current Block Size 64.0 KB
      Peak Allocated Bytes 0 B
      Overflow Count 0
    [ALLOC_TEMP_Background Job.Worker 0]
      Initial Block Size 32.0 KB
      Current Block Size 32.0 KB
      Peak Allocated Bytes 54 B
      Overflow Count 0
    [ALLOC_TEMP_Background Job.Worker 4]
      Initial Block Size 32.0 KB
      Current Block Size 32.0 KB
      Peak Allocated Bytes 54 B
      Overflow Count 0
    [ALLOC_TEMP_Background Job.Worker 14]
      Initial Block Size 32.0 KB
      Current Block Size 32.0 KB
      Peak Allocated Bytes 54 B
      Overflow Count 0
    [ALLOC_TEMP_Job.Worker 7]
      Initial Block Size 256.0 KB
      Current Block Size 0.9 MB
      Peak Allocated Bytes 0.9 MB
      Overflow Count 1
[ALLOC_MEMORYPROFILER]
  Peak usage frame count: [128.0 KB-256.0 KB]: 1 frames, [256.0 KB-0.5 MB]: 1 frames
  Requested Block Size 1.0 MB
  Peak Block count 1
  Peak Allocated memory 455.5 KB
  Peak Large allocation bytes 0 B
[ALLOC_DEFAULT] Dual Thread Allocator
  Peak main deferred allocation count 1298
    [ALLOC_BUCKET]
      Large Block size 32.0 MB
      Used Block count 1
      Peak Allocated bytes 9.8 MB
    [ALLOC_DEFAULT_MAIN]
      Peak usage frame count: [64.0 MB-128.0 MB]: 2 frames
      Requested Block Size 16.0 MB
      Peak Block count 5
      Peak Allocated memory 70.3 MB
      Peak Large allocation bytes 0 B
    [ALLOC_DEFAULT_THREAD]
      Peak usage frame count: [4.0 MB-8.0 MB]: 2 frames
      Requested Block Size 16.0 MB
      Peak Block count 1
      Peak Allocated memory 5.5 MB
      Peak Large allocation bytes 0 B
[ALLOC_TEMP_JOB_1_FRAME]
  Initial Block Size 2.0 MB
  Used Block Count 0
  Overflow Count (too large) 0
  Overflow Count (full) 0
[ALLOC_TEMP_JOB_2_FRAMES]
  Initial Block Size 2.0 MB
  Used Block Count 0
  Overflow Count (too large) 0
  Overflow Count (full) 0
[ALLOC_TEMP_JOB_4_FRAMES (JobTemp)]
  Initial Block Size 2.0 MB
  Used Block Count 1
  Overflow Count (too large) 0
  Overflow Count (full) 0
[ALLOC_TEMP_JOB_ASYNC (Background)]
  Initial Block Size 1.0 MB
  Used Block Count 1
  Overflow Count (too large) 0
  Overflow Count (full) 0
[ALLOC_GFX] Dual Thread Allocator
  Peak main deferred allocation count 0
    [ALLOC_BUCKET]
      Large Block size 32.0 MB
      Used Block count 1
      Peak Allocated bytes 9.8 MB
    [ALLOC_GFX_MAIN]
      Peak usage frame count: [4.0 MB-8.0 MB]: 2 frames
      Requested Block Size 16.0 MB
      Peak Block count 1
      Peak Allocated memory 6.9 MB
      Peak Large allocation bytes 0 B
    [ALLOC_GFX_THREAD]
      Peak usage frame count: [0-1.0 KB]: 2 frames
      Requested Block Size 16.0 MB
      Peak Block count 0
      Peak Allocated memory 0 B
      Peak Large allocation bytes 0 B
[ALLOC_CACHEOBJECTS] Dual Thread Allocator
  Peak main deferred allocation count 656
    [ALLOC_BUCKET]
      Large Block size 32.0 MB
      Used Block count 1
      Peak Allocated bytes 9.8 MB
    [ALLOC_CACHEOBJECTS_MAIN]
      Peak usage frame count: [16.0 MB-32.0 MB]: 1 frames, [32.0 MB-64.0 MB]: 1 frames
      Requested Block Size 4.0 MB
      Peak Block count 11
      Peak Allocated memory 32.8 MB
      Peak Large allocation bytes 10.7 MB
    [ALLOC_CACHEOBJECTS_THREAD]
      Peak usage frame count: [0-1.0 KB]: 2 frames
      Requested Block Size 4.0 MB
      Peak Block count 0
      Peak Allocated memory 0 B
      Peak Large allocation bytes 0 B
[ALLOC_TYPETREE] Dual Thread Allocator
  Peak main deferred allocation count 1037
    [ALLOC_BUCKET]
      Large Block size 32.0 MB
      Used Block count 1
      Peak Allocated bytes 9.8 MB
    [ALLOC_TYPETREE_MAIN]
      Peak usage frame count: [1.0 MB-2.0 MB]: 1 frames, [8.0 MB-16.0 MB]: 1 frames
      Requested Block Size 2.0 MB
      Peak Block count 7
      Peak Allocated memory 12.3 MB
      Peak Large allocation bytes 0 B
    [ALLOC_TYPETREE_THREAD]
      Peak usage frame count: [0-1.0 KB]: 2 frames
      Requested Block Size 2.0 MB
      Peak Block count 0
      Peak Allocated memory 0 B
      Peak Large allocation bytes 0 B
[ALLOC_PROFILER]
  Peak usage frame count: [256.0 KB-0.5 MB]: 2 frames
  Requested Block Size 16.0 MB
  Peak Block count 1
  Peak Allocated memory 440.6 KB
  Peak Large allocation bytes 0 B
    [ALLOC_PROFILER_BUCKET]
      Large Block size 32.0 MB
      Used Block count 1
      Peak Allocated bytes 4.1 KB
[ALLOC_PROFILER_EDITOR]
  Peak usage frame count: [0-1.0 KB]: 2 frames
  Requested Block Size 1.0 MB
  Peak Block count 0
  Peak Allocated memory 0 B
  Peak Large allocation bytes 0 B
    [ALLOC_PROFILER_BUCKET]
      Large Block size 32.0 MB
      Used Block count 1
      Peak Allocated bytes 4.1 KB
##utp:{"type":"MemoryLeaks","version":2,"phase":"Immediate","time":1787668261278,"processId":34820,"allocatedMemory":23674087,"memoryLabels":[{"Default":20431},{"Permanent":15615},{"NewDelete":80944},{"Thread":4229412},{"Manager":34523},{"VertexData":12},{"Geometry":560},{"Texture":176},{"Shader":68848},{"Material":24},{"GfxDevice":57048},{"Animation":296},{"Audio":3928},{"FontEngine":272},{"Physics":513},{"Serialization":948},{"Input":14744},{"JobScheduler":33368},{"Mono":40},{"ScriptingNativeRuntime":191848},{"BaseObject":1627276},{"Resource":1360},{"Renderer":2304},{"Transform":16},{"File":888},{"WebCam":96},{"Culling":40},{"Terrain":1137},{"Wind":24},{"STL":48},{"String":15357},{"DynamicArray":70353},{"HashMap":4415208},{"Utility":2664898},{"Curl":1424},{"PoolAlloc":1728},{"AI":104},{"TypeTree":5077},{"ScriptManager":640},{"RuntimeInitializeOnLoadManager":80},{"SpriteAtlas":128},{"GI":4072},{"Director":7960},{"WebRequest":688},{"VR":46081},{"SceneManager":568},{"Video":72},{"LazyScriptCache":40},{"NativeArray":12},{"Camera":25},{"Secure":1},{"SerializationCache":1584},{"APIUpdating":11872},{"Subsystems":392},{"VirtualTexturing":57896},{"StaticSafetyDebugInfo":327680},{"EditorGui":56},{"EditorUtility":20055},{"VersionControl":4},{"Undo":704},{"AssetDatabase":9583847},{"RestService":1414},{"EditorGi":376},{"License":3584},{"UnityConnect":25344},{"Collab":593},{"Upm":2032},{"DrivenProperties":96},{"LocalIPC":296},{"ProfilerEditor":10943},{"CoreBusinessMetrics":3984},{"AssetReference":40},{"IPCStream":40}]}
